X,Y,U,V,rho
1.819377537777549403e+00,1.759128247277211399e+00,0.000000000000000000e+00,1.000000000000000000e+00,0.000000000000000000e+00
1.819377537777549403e+00,5.277384741831633974e+00,0.000000000000000000e+00,1.000000000000000000e+00,0.000000000000000000e+00
1.819377537777549403e+00,8.795641236386057216e+00,-2.628800000000000026e-01,9.376200000000000090e-01,0.000000000000000000e+00
1.819377537777549403e+00,1.231389773094048046e+01,2.211400000000000032e-01,9.482350000000000501e-01,0.000000000000000000e+00
1.819377537777549403e+00,1.583215422549490192e+01,0.000000000000000000e+00,1.000000000000000000e+00,0.000000000000000000e+00
1.819377537777549403e+00,1.935041072004932516e+01,0.000000000000000000e+00,1.000000000000000000e+00,0.000000000000000000e+00
1.819377537777549403e+00,2.286866721460374663e+01,0.000000000000000000e+00,1.000000000000000000e+00,0.000000000000000000e+00
1.819377537777549403e+00,2.638692370915817165e+01,-3.704400000000000054e-02,9.900550000000000184e-01,0.000000000000000000e+00
1.819377537777549403e+00,2.990518020371259311e+01,0.000000000000000000e+00,1.000000000000000000e+00,0.000000000000000000e+00
1.819377537777549403e+00,3.342343669826701813e+01,0.000000000000000000e+00,1.000000000000000000e+00,0.000000000000000000e+00
1.819377537777549403e+00,3.694169319282143960e+01,0.000000000000000000e+00,1.000000000000000000e+00,0.000000000000000000e+00
1.819377537777549403e+00,4.045994968737586106e+01,3.089149999999999952e-01,1.892250000000000043e-01,0.000000000000000000e+00
1.819377537777549403e+00,4.397820618193028253e+01,0.000000000000000000e+00,1.000000000000000000e+00,0.000000000000000000e+00
1.819377537777549403e+00,4.749646267648471110e+01,-3.264750000000000152e-01,7.530250000000000554e-01,0.000000000000000000e+00
1.819377537777549403e+00,5.101471917103913256e+01,0.000000000000000000e+00,1.000000000000000000e+00,0.000000000000000000e+00
1.819377537777549403e+00,5.453297566559355403e+01,-4.028999999999999804e-01,6.729499999999999371e-01,0.000000000000000000e+00
1.819377537777549403e+00,5.805123216014797549e+01,0.000000000000000000e+00,1.000000000000000000e+00,0.000000000000000000e+00
1.819377537777549403e+00,6.156948865470239696e+01,-3.459800000000000098e-01,7.769150000000000222e-01,0.000000000000000000e+00
1.819377537777549403e+00,6.508774514925681842e+01,-8.954100000000000392e-01,1.584999999999999465e-01,0.000000000000000000e+00
1.819377537777549403e+00,6.860600164381123989e+01,-3.806700000000000084e-01,3.979400000000000714e-01,0.000000000000000000e+00
1.819377537777549403e+00,7.212425813836566135e+01,0.000000000000000000e+00,1.000000000000000000e+00,0.000000000000000000e+00
1.819377537777549403e+00,7.564251463292009703e+01,-4.151199999999999890e-01,6.843200000000000394e-01,0.000000000000000000e+00
1.819377537777549403e+00,7.916077112747451849e+01,0.000000000000000000e+00,1.000000000000000000e+00,0.000000000000000000e+00
1.819377537777549403e+00,8.267902762202893996e+01,0.000000000000000000e+00,1.000000000000000000e+00,0.000000000000000000e+00
1.819377537777549403e+00,8.619728411658336142e+01,0.000000000000000000e+00,1.000000000000000000e+00,0.000000000000000000e+00
1.819377537777549403e+00,8.971554061113778289e+01,4.400899999999999812e-01,3.216249999999999387e-01,0.000000000000000000e+00
1.819377537777549403e+00,9.323379710569220435e+01,-7.920700000000000518e-01,4.913399999999999990e-01,0.000000000000000000e+00
1.819377537777549403e+00,9.675205360024662582e+01,-7.965700000000000003e-01,3.590700000000000003e-01,0.000000000000000000e+00
1.819377537777549403e+00,1.002703100948010473e+02,-8.554500000000000437e-01,5.029700000000000282e-01,0.000000000000000000e+00
1.819377537777549403e+00,1.037885665893554688e+02,2.412799999999999945e-01,-6.920550000000000868e-01,0.000000000000000000e+00
3.638755075555098806e+00,3.518256494554422797e+00,-8.631999999999998563e-01,4.225300000000000722e-01,0.000000000000000000e+00
3.638755075555098806e+00,7.036512989108845595e+00,-8.581849999999998646e-01,3.022825000000000095e-01,0.000000000000000000e+00
3.638755075555098806e+00,1.055476948366326795e+01,-9.663300000000000223e-01,1.557300000000000351e-01,0.000000000000000000e+00
3.638755075555098806e+00,1.407302597821769119e+01,-8.969899999999998430e-01,2.691875000000000240e-01,0.000000000000000000e+00
3.638755075555098806e+00,1.759128247277211443e+01,0.000000000000000000e+00,1.000000000000000000e+00,0.000000000000000000e+00
3.638755075555098806e+00,2.110953896732653590e+01,0.000000000000000000e+00,1.000000000000000000e+00,0.000000000000000000e+00
3.638755075555098806e+00,2.462779546188096091e+01,0.000000000000000000e+00,1.000000000000000000e+00,0.000000000000000000e+00
3.638755075555098806e+00,2.814605195643538238e+01,-4.993199999999999861e-01,5.077935000000000088e-01,0.000000000000000000e+00
3.638755075555098806e+00,3.166430845098980384e+01,0.000000000000000000e+00,1.000000000000000000e+00,0.000000000000000000e+00
3.638755075555098806e+00,3.518256494554422886e+01,4.617200000000000193e-01,6.607899999999999885e-01,0.000000000000000000e+00
3.638755075555098806e+00,3.870082144009865033e+01,9.387799999999999478e-01,2.335000000000000409e-01,0.000000000000000000e+00
3.638755075555098806e+00,4.221907793465307179e+01,3.426500000000000101e-01,-2.121450000000000002e-01,0.000000000000000000e+00
3.638755075555098806e+00,4.573733442920749326e+01,6.900100000000000122e-01,4.912000000000000810e-01,0.000000000000000000e+00
3.638755075555098806e+00,4.925559092376192183e+01,0.000000000000000000e+00,1.000000000000000000e+00,0.000000000000000000e+00
3.638755075555098806e+00,5.277384741831634329e+01,0.000000000000000000e+00,1.000000000000000000e+00,0.000000000000000000e+00
3.638755075555098806e+00,5.629210391287076476e+01,4.586999999999999966e-01,6.149199999999999111e-01,0.000000000000000000e+00
3.638755075555098806e+00,5.981036040742518622e+01,8.585899999999998533e-01,2.902299999999999880e-01,0.000000000000000000e+00
3.638755075555098806e+00,6.332861690197960769e+01,-4.388699999999999823e-01,4.963238500000000109e-01,0.000000000000000000e+00
3.638755075555098806e+00,6.684687339653403626e+01,0.000000000000000000e+00,1.000000000000000000e+00,0.000000000000000000e+00
3.638755075555098806e+00,7.036512989108845773e+01,-4.227449999999999819e-01,3.226649999999999796e-01,0.000000000000000000e+00
3.638755075555098806e+00,7.388338638564287919e+01,-8.702299999999998370e-01,-2.668699999999999406e-01,0.000000000000000000e+00
3.638755075555098806e+00,7.740164288019730066e+01,1.418649999999999911e-01,9.280049999999999688e-01,0.000000000000000000e+00
3.638755075555098806e+00,8.091989937475172212e+01,0.000000000000000000e+00,1.000000000000000000e+00,0.000000000000000000e+00
3.638755075555098806e+00,8.443815586930614359e+01,4.471450000000000147e-01,6.412249999999999339e-01,0.000000000000000000e+00
3.638755075555098806e+00,8.795641236386056505e+01,-8.818999999999997952e-01,-3.642699999999999827e-01,0.000000000000000000e+00
3.638755075555098806e+00,9.147466885841498652e+01,7.384399999999999853e-01,3.540030000000000121e-01,0.000000000000000000e+00
3.638755075555098806e+00,9.499292535296942219e+01,7.564800000000000413e-01,-2.882700000000000262e-01,0.000000000000000000e+00
3.638755075555098806e+00,9.851118184752384366e+01,0.000000000000000000e+00,1.000000000000000000e+00,0.000000000000000000e+00
3.638755075555098806e+00,1.020294383420782651e+02,0.000000000000000000e+00,1.000000000000000000e+00,0.000000000000000000e+00
5.458132613332647765e+00,1.759128247277211399e+00,4.110650000000000137e-01,7.038850000000000939e-01,0.000000000000000000e+00
5.458132613332647765e+00,5.277384741831633974e+00,7.448099999999998611e-01,-1.435299999999999909e-01,0.000000000000000000e+00
5.458132613332647765e+00,8.795641236386057216e+00,0.000000000000000000e+00,1.000000000000000000e+00,0.000000000000000000e+00
5.458132613332647765e+00,1.231389773094048046e+01,0.000000000000000000e+00,1.000000000000000000e+00,0.000000000000000000e+00
5.458132613332647765e+00,1.583215422549490192e+01,4.594599999999999795e-01,4.967422500000001073e-01,0.000000000000000000e+00
5.458132613332647765e+00,1.935041072004932516e+01,0.000000000000000000e+00,1.000000000000000000e+00,0.000000000000000000e+00
5.458132613332647765e+00,2.286866721460374663e+01,0.000000000000000000e+00,1.000000000000000000e+00,0.000000000000000000e+00
5.458132613332647765e+00,2.638692370915817165e+01,0.000000000000000000e+00,1.000000000000000000e+00,0.000000000000000000e+00
5.458132613332647765e+00,2.990518020371259311e+01,4.778499999999999970e-01,6.249550000000000383e-01,0.000000000000000000e+00
5.458132613332647765e+00,3.342343669826701813e+01,3.571799999999999975e-01,9.318900000000001071e-01,0.000000000000000000e+00
5.458132613332647765e+00,3.694169319282143960e+01,0.000000000000000000e+00,1.000000000000000000e+00,0.000000000000000000e+00
5.458132613332647765e+00,4.045994968737586106e+01,0.000000000000000000e+00,1.000000000000000000e+00,0.000000000000000000e+00
5.458132613332647765e+00,4.573733442920749326e+01,0.000000000000000000e+00,1.000000000000000000e+00,1.000000000000000000e+00
5.458132613332647765e+00,4.925559092376192183e+01,0.000000000000000000e+00,1.000000000000000000e+00,1.000000000000000000e+00
5.458132613332647765e+00,5.277384741831634329e+01,0.000000000000000000e+00,1.000000000000000000e+00,0.000000000000000000e+00
5.458132613332647765e+00,5.629210391287076476e+01,-1.827350000000000085e-01,9.182749999999999524e-01,0.000000000000000000e+00
5.458132613332647765e+00,5.981036040742518622e+01,0.000000000000000000e+00,1.000000000000000000e+00,0.000000000000000000e+00
5.458132613332647765e+00,6.332861690197960769e+01,0.000000000000000000e+00,1.000000000000000000e+00,0.000000000000000000e+00
5.458132613332647765e+00,6.684687339653403626e+01,0.000000000000000000e+00,1.000000000000000000e+00,0.000000000000000000e+00
5.458132613332647765e+00,7.036512989108845773e+01,3.527750000000000330e-02,9.269549999999999734e-01,0.000000000000000000e+00
5.458132613332647765e+00,7.388338638564287919e+01,-7.175000000000000266e-01,6.961100000000000065e-01,0.000000000000000000e+00
5.458132613332647765e+00,7.740164288019730066e+01,-4.419950000000000268e-01,5.284980000000000233e-01,0.000000000000000000e+00
5.458132613332647765e+00,8.091989937475172212e+01,-8.862200000000000077e-01,-2.536700000000000621e-01,0.000000000000000000e+00
5.458132613332647765e+00,8.443815586930614359e+01,-3.798050000000000037e-01,7.135000000000000231e-01,0.000000000000000000e+00
5.458132613332647765e+00,8.795641236386056505e+01,0.000000000000000000e+00,1.000000000000000000e+00,0.000000000000000000e+00
5.458132613332647765e+00,9.147466885841498652e+01,-3.288599999999999857e-01,7.523599999999998067e-01,0.000000000000000000e+00
5.458132613332647765e+00,9.499292535296942219e+01,0.000000000000000000e+00,1.000000000000000000e+00,0.000000000000000000e+00
5.458132613332647765e+00,9.851118184752384366e+01,-4.403150000000000119e-01,6.372949999999999449e-01,0.000000000000000000e+00
5.458132613332647765e+00,1.020294383420782651e+02,-8.362600000000000033e-01,4.245099999999999985e-01,0.000000000000000000e+00
7.277510151110197612e+00,1.759128247277211399e+00,2.962549999999999906e-01,1.803800000000000125e-01,0.000000000000000000e+00
7.277510151110197612e+00,5.277384741831633974e+00,0.000000000000000000e+00,1.000000000000000000e+00,0.000000000000000000e+00
7.277510151110197612e+00,8.795641236386057216e+00,3.663899999999999935e-01,3.867200000000000082e-01,0.000000000000000000e+00
7.277510151110197612e+00,1.231389773094048046e+01,0.000000000000000000e+00,1.000000000000000000e+00,0.000000000000000000e+00
7.277510151110197612e+00,1.583215422549490192e+01,-4.022749999999999937e-01,7.163249999999999895e-01,0.000000000000000000e+00
7.277510151110197612e+00,1.935041072004932516e+01,-9.062799999999999745e-01,2.876500000000000168e-01,0.000000000000000000e+00
7.277510151110197612e+00,2.286866721460374663e+01,1.314699999999999480e-01,1.703099999999999614e-01,0.000000000000000000e+00
7.277510151110197612e+00,2.638692370915817165e+01,-9.028899999999999704e-01,1.414499999999996316e-02,0.000000000000000000e+00
7.277510151110197612e+00,2.990518020371259311e+01,0.000000000000000000e+00,1.000000000000000000e+00,0.000000000000000000e+00
7.277510151110197612e+00,3.342343669826701813e+01,0.000000000000000000e+00,1.000000000000000000e+00,0.000000000000000000e+00
7.277510151110197612e+00,3.694169319282143960e+01,-4.194249999999999923e-01,6.942800000000000082e-01,0.000000000000000000e+00
7.277510151110197612e+00,4.045994968737586106e+01,0.000000000000000000e+00,1.000000000000000000e+00,0.000000000000000000e+00
7.277510151110197612e+00,4.397820618193028253e+01,0.000000000000000000e+00,1.000000000000000000e+00,0.000000000000000000e+00
7.277510151110197612e+00,4.749646267648471110e+01,-8.283399999999998542e-01,4.766400000000000081e-01,0.000000000000000000e+00
7.277510151110197612e+00,5.101471917103913256e+01,-9.071399999999999464e-01,2.917199999999999793e-01,0.000000000000000000e+00
7.277510151110197612e+00,5.453297566559355403e+01,-9.301899999999999613e-01,3.080800000000000205e-01,0.000000000000000000e+00
7.277510151110197612e+00,5.805123216014797549e+01,6.506500000000003947e-02,1.785599999999999965e-01,0.000000000000000000e+00
7.277510151110197612e+00,6.156948865470239696e+01,0.000000000000000000e+00,1.000000000000000000e+00,0.000000000000000000e+00
7.277510151110197612e+00,6.508774514925681842e+01,0.000000000000000000e+00,1.000000000000000000e+00,0.000000000000000000e+00
7.277510151110197612e+00,6.860600164381123989e+01,0.000000000000000000e+00,1.000000000000000000e+00,0.000000000000000000e+00
7.277510151110197612e+00,7.212425813836566135e+01,4.952750000000000208e-01,5.021763000000000199e-01,0.000000000000000000e+00
7.277510151110197612e+00,7.564251463292009703e+01,0.000000000000000000e+00,1.000000000000000000e+00,0.000000000000000000e+00
7.277510151110197612e+00,7.916077112747451849e+01,5.909999999999999698e-01,-2.233600000000000030e-01,0.000000000000000000e+00
7.277510151110197612e+00,8.267902762202893996e+01,9.599700000000002120e-01,1.324899999999999967e-01,0.000000000000000000e+00
7.277510151110197612e+00,8.619728411658336142e+01,4.071449999999999791e-01,6.798650000000000526e-01,0.000000000000000000e+00
7.277510151110197612e+00,8.971554061113778289e+01,8.795800000000000285e-01,3.145999999999999908e-01,0.000000000000000000e+00
7.277510151110197612e+00,9.323379710569220435e+01,0.000000000000000000e+00,1.000000000000000000e+00,0.000000000000000000e+00
7.277510151110197612e+00,9.675205360024662582e+01,0.000000000000000000e+00,1.000000000000000000e+00,0.000000000000000000e+00
7.277510151110197612e+00,1.002703100948010473e+02,4.337699999999999889e-01,6.730450000000000044e-01,0.000000000000000000e+00
7.277510151110197612e+00,1.037885665893554688e+02,8.292699999999998406e-01,3.675100000000000033e-01,0.000000000000000000e+00
9.096887688887747458e+00,3.518256494554422797e+00,4.293100000000000249e-01,4.994215000000000182e-01,0.000000000000000000e+00
9.096887688887747458e+00,7.036512989108845595e+00,0.000000000000000000e+00,1.000000000000000000e+00,0.000000000000000000e+00
9.096887688887747458e+00,1.055476948366326795e+01,0.000000000000000000e+00,1.000000000000000000e+00,0.000000000000000000e+00
9.096887688887747458e+00,1.407302597821769119e+01,0.000000000000000000e+00,1.000000000000000000e+00,0.000000000000000000e+00
9.096887688887747458e+00,1.759128247277211443e+01,-4.290349999999999997e-01,3.704200000000000270e-01,0.000000000000000000e+00
9.096887688887747458e+00,2.110953896732653590e+01,0.000000000000000000e+00,1.000000000000000000e+00,0.000000000000000000e+00
9.096887688887747458e+00,2.462779546188096091e+01,-4.787199999999999789e-01,4.076750000000000096e-01,0.000000000000000000e+00
9.096887688887747458e+00,2.814605195643538238e+01,0.000000000000000000e+00,1.000000000000000000e+00,0.000000000000000000e+00
9.096887688887747458e+00,3.166430845098980384e+01,-3.432549999999999768e-01,2.708850000000000424e-01,0.000000000000000000e+00
9.096887688887747458e+00,3.518256494554422886e+01,0.000000000000000000e+00,1.000000000000000000e+00,0.000000000000000000e+00
9.096887688887747458e+00,3.870082144009865033e+01,0.000000000000000000e+00,1.000000000000000000e+00,0.000000000000000000e+00
9.096887688887747458e+00,4.221907793465307179e+01,0.000000000000000000e+00,1.000000000000000000e+00,0.000000000000000000e+00
9.096887688887747458e+00,4.573733442920749326e+01,-3.500550000000000050e-01,2.293399999999999883e-01,0.000000000000000000e+00
9.096887688887747458e+00,4.925559092376192183e+01,6.764999999999999902e-01,5.591399999999999704e-01,0.000000000000000000e+00
9.096887688887747458e+00,5.277384741831634329e+01,0.000000000000000000e+00,1.000000000000000000e+00,0.000000000000000000e+00
9.096887688887747458e+00,5.629210391287076476e+01,0.000000000000000000e+00,1.000000000000000000e+00,0.000000000000000000e+00
9.096887688887747458e+00,5.981036040742518622e+01,0.000000000000000000e+00,1.000000000000000000e+00,0.000000000000000000e+00
9.096887688887747458e+00,6.332861690197960769e+01,0.000000000000000000e+00,1.000000000000000000e+00,0.000000000000000000e+00
9.096887688887747458e+00,6.684687339653403626e+01,0.000000000000000000e+00,1.000000000000000000e+00,0.000000000000000000e+00
9.096887688887747458e+00,7.036512989108845773e+01,0.000000000000000000e+00,1.000000000000000000e+00,0.000000000000000000e+00
9.096887688887747458e+00,7.388338638564287919e+01,0.000000000000000000e+00,1.000000000000000000e+00,0.000000000000000000e+00
9.096887688887747458e+00,7.740164288019730066e+01,3.638600000000000168e-01,9.286200000000000010e-01,0.000000000000000000e+00
9.096887688887747458e+00,8.091989937475172212e+01,0.000000000000000000e+00,1.000000000000000000e+00,0.000000000000000000e+00
9.096887688887747458e+00,8.443815586930614359e+01,0.000000000000000000e+00,1.000000000000000000e+00,0.000000000000000000e+00
9.096887688887747458e+00,8.971554061113778289e+01,0.000000000000000000e+00,1.000000000000000000e+00,0.000000000000000000e+00
9.096887688887747458e+00,9.323379710569220435e+01,-4.890349999999999975e-01,4.058849999999999958e-01,0.000000000000000000e+00
9.096887688887747458e+00,9.675205360024662582e+01,0.000000000000000000e+00,1.000000000000000000e+00,1.000000000000000000e+00
9.096887688887747458e+00,1.002703100948010473e+02,0.000000000000000000e+00,1.000000000000000000e+00,1.000000000000000000e+00
9.096887688887747458e+00,1.037885665893554688e+02,0.000000000000000000e+00,1.000000000000000000e+00,0.000000000000000000e+00
1.091626522666529553e+01,3.518256494554422797e+00,-2.332799999999999874e-01,9.416000000000002146e-01,0.000000000000000000e+00
1.091626522666529553e+01,7.036512989108845595e+00,0.000000000000000000e+00,1.000000000000000000e+00,0.000000000000000000e+00
1.091626522666529553e+01,1.055476948366326795e+01,-3.045950000000000046e-01,8.608749999999999458e-01,0.000000000000000000e+00
1.091626522666529553e+01,1.407302597821769119e+01,0.000000000000000000e+00,1.000000000000000000e+00,0.000000000000000000e+00
1.091626522666529553e+01,1.759128247277211443e+01,3.933800000000000074e-01,3.239049999999999985e-01,0.000000000000000000e+00
1.091626522666529553e+01,2.110953896732653590e+01,0.000000000000000000e+00,1.000000000000000000e+00,0.000000000000000000e+00
1.091626522666529553e+01,2.462779546188096091e+01,0.000000000000000000e+00,1.000000000000000000e+00,0.000000000000000000e+00
1.091626522666529553e+01,2.814605195643538238e+01,0.000000000000000000e+00,1.000000000000000000e+00,0.000000000000000000e+00
1.091626522666529553e+01,3.166430845098980384e+01,-3.982399999999999829e-01,7.249499999999999833e-01,0.000000000000000000e+00
1.091626522666529553e+01,3.518256494554422886e+01,-8.982400000000000384e-01,2.003199999999999981e-01,0.000000000000000000e+00
1.091626522666529553e+01,3.870082144009865033e+01,-3.931350000000000122e-01,4.746724999999999972e-01,0.000000000000000000e+00
1.091626522666529553e+01,4.221907793465307179e+01,0.000000000000000000e+00,1.000000000000000000e+00,0.000000000000000000e+00
1.091626522666529553e+01,4.573733442920749326e+01,-3.866350000000000064e-01,7.251799999999998247e-01,0.000000000000000000e+00
1.091626522666529553e+01,4.925559092376192183e+01,0.000000000000000000e+00,1.000000000000000000e+00,0.000000000000000000e+00
1.091626522666529553e+01,5.277384741831634329e+01,-3.104250000000000065e-01,7.602200000000000069e-01,0.000000000000000000e+00
1.091626522666529553e+01,5.629210391287076476e+01,0.000000000000000000e+00,1.000000000000000000e+00,0.000000000000000000e+00
1.091626522666529553e+01,5.981036040742518622e+01,4.497999999999999776e-01,3.389150000000000218e-01,0.000000000000000000e+00
1.091626522666529553e+01,6.332861690197960769e+01,-8.375000000000000222e-01,4.318100000000000271e-01,0.000000000000000000e+00
1.091626522666529553e+01,6.684687339653403626e+01,7.628699999999998260e-01,-4.458449999999999913e-01,0.000000000000000000e+00
1.091626522666529553e+01,7.036512989108845773e+01,8.835600000000000120e-01,-1.405499999999999527e-01,0.000000000000000000e+00
1.091626522666529553e+01,7.388338638564287919e+01,-6.836200000000000054e-01,4.410549999999999748e-01,0.000000000000000000e+00
1.091626522666529553e+01,7.740164288019730066e+01,0.000000000000000000e+00,1.000000000000000000e+00,0.000000000000000000e+00
1.091626522666529553e+01,8.091989937475172212e+01,0.000000000000000000e+00,1.000000000000000000e+00,0.000000000000000000e+00
1.091626522666529553e+01,8.443815586930614359e+01,0.000000000000000000e+00,1.000000000000000000e+00,0.000000000000000000e+00
1.091626522666529553e+01,8.795641236386056505e+01,0.000000000000000000e+00,1.000000000000000000e+00,0.000000000000000000e+00
1.091626522666529553e+01,9.147466885841498652e+01,9.094299999999999606e-01,-3.662800000000001055e-01,0.000000000000000000e+00
1.091626522666529553e+01,9.499292535296942219e+01,4.677999999999999936e-01,3.468599999999999461e-01,0.000000000000000000e+00
1.091626522666529553e+01,9.851118184752384366e+01,-8.277200000000000113e-01,4.442900000000000182e-01,0.000000000000000000e+00
1.091626522666529553e+01,1.020294383420782651e+02,9.268549999999999844e-01,-1.941430000000000100e-01,0.000000000000000000e+00
1.273564276444284538e+01,1.759128247277211399e+00,0.000000000000000000e+00,1.000000000000000000e+00,0.000000000000000000e+00
1.273564276444284538e+01,5.277384741831633974e+00,0.000000000000000000e+00,1.000000000000000000e+00,0.000000000000000000e+00
1.273564276444284538e+01,8.795641236386057216e+00,-1.759000000000000008e-01,8.776300000000000212e-01,0.000000000000000000e+00
1.273564276444284538e+01,1.231389773094048046e+01,8.777150000000000230e-01,-2.067505000000000037e-01,0.000000000000000000e+00
1.273564276444284538e+01,1.583215422549490192e+01,-9.547200000000000131e-01,-4.844200000000009609e-02,0.000000000000000000e+00
1.273564276444284538e+01,1.935041072004932516e+01,8.344999999999998253e-02,1.817350000000000076e-01,0.000000000000000000e+00
1.273564276444284538e+01,2.286866721460374663e+01,-2.625700000000000811e-01,-8.277299999999998548e-01,0.000000000000000000e+00
1.273564276444284538e+01,2.638692370915817165e+01,1.441199999999999946e-02,8.288349999999999884e-01,0.000000000000000000e+00
1.273564276444284538e+01,2.990518020371259311e+01,0.000000000000000000e+00,1.000000000000000000e+00,0.000000000000000000e+00
1.273564276444284538e+01,3.342343669826701813e+01,-4.091949999999999754e-01,3.308850000000000402e-01,0.000000000000000000e+00
1.273564276444284538e+01,3.694169319282143960e+01,0.000000000000000000e+00,1.000000000000000000e+00,0.000000000000000000e+00
1.273564276444284538e+01,4.045994968737586106e+01,-4.338250000000000162e-01,3.377900000000000347e-01,0.000000000000000000e+00
1.273564276444284538e+01,4.397820618193028253e+01,-8.736699999999998356e-01,-3.007000000000000228e-01,0.000000000000000000e+00
1.273564276444284538e+01,4.749646267648471110e+01,3.507000000000000117e-01,7.915849999999999831e-01,0.000000000000000000e+00
1.273564276444284538e+01,5.101471917103913256e+01,0.000000000000000000e+00,1.000000000000000000e+00,0.000000000000000000e+00
1.273564276444284538e+01,5.453297566559355403e+01,0.000000000000000000e+00,1.000000000000000000e+00,0.000000000000000000e+00
1.273564276444284538e+01,5.805123216014797549e+01,0.000000000000000000e+00,1.000000000000000000e+00,0.000000000000000000e+00
1.273564276444284538e+01,6.156948865470239696e+01,-3.993399999999999728e-01,3.171249999999999902e-01,0.000000000000000000e+00
1.273564276444284538e+01,6.508774514925681842e+01,-8.912099999999998357e-01,-4.060300000000005571e-02,0.000000000000000000e+00
1.273564276444284538e+01,6.860600164381123989e+01,-4.103649999999999798e-01,5.440679999999999961e-01,0.000000000000000000e+00
1.273564276444284538e+01,7.212425813836566135e+01,0.000000000000000000e+00,1.000000000000000000e+00,0.000000000000000000e+00
1.273564276444284538e+01,7.564251463292009703e+01,-4.251099999999999879e-01,3.661349999999999882e-01,0.000000000000000000e+00
1.273564276444284538e+01,7.916077112747451849e+01,0.000000000000000000e+00,1.000000000000000000e+00,0.000000000000000000e+00
1.273564276444284538e+01,8.267902762202893996e+01,0.000000000000000000e+00,1.000000000000000000e+00,0.000000000000000000e+00
1.273564276444284538e+01,8.619728411658336142e+01,0.000000000000000000e+00,1.000000000000000000e+00,0.000000000000000000e+00
1.273564276444284538e+01,8.971554061113778289e+01,-3.805299999999999794e-01,2.908849999999999492e-01,0.000000000000000000e+00
1.273564276444284538e+01,9.323379710569220435e+01,-8.521300000000000541e-01,-3.672000000000000264e-01,0.000000000000000000e+00
1.273564276444284538e+01,9.675205360024662582e+01,3.806800000000000184e-01,7.910449999999999982e-01,0.000000000000000000e+00
1.273564276444284538e+01,1.002703100948010473e+02,0.000000000000000000e+00,1.000000000000000000e+00,0.000000000000000000e+00
1.273564276444284538e+01,1.037885665893554688e+02,0.000000000000000000e+00,1.000000000000000000e+00,0.000000000000000000e+00
1.455502030222039522e+01,3.518256494554422797e+00,4.389500000000000068e-01,-8.966799999999998105e-01,0.000000000000000000e+00
1.455502030222039522e+01,7.036512989108845595e+00,-4.474254999999999760e-01,2.231149999999999523e-01,0.000000000000000000e+00
1.455502030222039522e+01,1.055476948366326795e+01,0.000000000000000000e+00,1.000000000000000000e+00,0.000000000000000000e+00
1.455502030222039522e+01,1.407302597821769119e+01,0.000000000000000000e+00,1.000000000000000000e+00,0.000000000000000000e+00
1.455502030222039522e+01,1.759128247277211443e+01,0.000000000000000000e+00,1.000000000000000000e+00,0.000000000000000000e+00
1.455502030222039522e+01,2.110953896732653590e+01,0.000000000000000000e+00,1.000000000000000000e+00,0.000000000000000000e+00
1.455502030222039522e+01,2.462779546188096091e+01,0.000000000000000000e+00,1.000000000000000000e+00,0.000000000000000000e+00
1.455502030222039522e+01,2.990518020371259311e+01,0.000000000000000000e+00,1.000000000000000000e+00,1.000000000000000000e+00
1.455502030222039522e+01,3.342343669826701813e+01,-3.962399999999999811e-01,7.462400000000000144e-01,1.000000000000000000e+00
1.455502030222039522e+01,3.694169319282143960e+01,0.000000000000000000e+00,1.000000000000000000e+00,0.000000000000000000e+00
1.455502030222039522e+01,4.045994968737586106e+01,0.000000000000000000e+00,1.000000000000000000e+00,0.000000000000000000e+00
1.455502030222039522e+01,4.397820618193028253e+01,0.000000000000000000e+00,1.000000000000000000e+00,0.000000000000000000e+00
1.455502030222039522e+01,4.749646267648471110e+01,2.412600000000000022e-01,9.334000000000000075e-01,1.000000000000000000e+00
1.455502030222039522e+01,5.101471917103913256e+01,0.000000000000000000e+00,1.000000000000000000e+00,1.000000000000000000e+00
1.455502030222039522e+01,5.453297566559355403e+01,-2.223449999999999871e-01,9.144350000000001089e-01,0.000000000000000000e+00
1.455502030222039522e+01,5.805123216014797549e+01,0.000000000000000000e+00,1.000000000000000000e+00,0.000000000000000000e+00
1.455502030222039522e+01,6.156948865470239696e+01,3.665550000000000197e-01,2.644100000000000339e-01,0.000000000000000000e+00
1.455502030222039522e+01,6.508774514925681842e+01,0.000000000000000000e+00,1.000000000000000000e+00,0.000000000000000000e+00
1.455502030222039522e+01,6.860600164381123989e+01,0.000000000000000000e+00,1.000000000000000000e+00,0.000000000000000000e+00
1.455502030222039522e+01,7.212425813836566135e+01,0.000000000000000000e+00,1.000000000000000000e+00,0.000000000000000000e+00
1.455502030222039522e+01,7.564251463292009703e+01,-3.649350000000000094e-01,7.663200000000000012e-01,0.000000000000000000e+00
1.455502030222039522e+01,7.916077112747451849e+01,-8.253800000000000026e-01,4.072299999999999809e-01,0.000000000000000000e+00
1.455502030222039522e+01,8.267902762202893996e+01,-7.835550000000000015e-01,2.865100000000000424e-01,0.000000000000000000e+00
1.455502030222039522e+01,8.619728411658336142e+01,8.430900000000000061e-01,1.987000000000005082e-02,0.000000000000000000e+00
1.455502030222039522e+01,8.971554061113778289e+01,0.000000000000000000e+00,1.000000000000000000e+00,0.000000000000000000e+00
1.455502030222039522e+01,9.323379710569220435e+01,0.000000000000000000e+00,1.000000000000000000e+00,0.000000000000000000e+00
1.455502030222039522e+01,9.675205360024662582e+01,-3.164699999999999736e-01,7.814050000000000162e-01,0.000000000000000000e+00
1.455502030222039522e+01,1.002703100948010473e+02,0.000000000000000000e+00,1.000000000000000000e+00,0.000000000000000000e+00
1.455502030222039522e+01,1.037885665893554688e+02,0.000000000000000000e+00,1.000000000000000000e+00,0.000000000000000000e+00
1.637439783999794329e+01,3.518256494554422797e+00,0.000000000000000000e+00,1.000000000000000000e+00,0.000000000000000000e+00
1.637439783999794329e+01,7.036512989108845595e+00,-3.573950000000000182e-01,7.575399999999999912e-01,0.000000000000000000e+00
1.637439783999794329e+01,1.055476948366326795e+01,0.000000000000000000e+00,1.000000000000000000e+00,0.000000000000000000e+00
1.637439783999794329e+01,1.407302597821769119e+01,-3.084700000000000220e-01,7.752099999999998436e-01,0.000000000000000000e+00
1.637439783999794329e+01,1.759128247277211443e+01,0.000000000000000000e+00,1.000000000000000000e+00,0.000000000000000000e+00
1.637439783999794329e+01,2.110953896732653590e+01,-4.065150000000000152e-01,7.218400000000000372e-01,0.000000000000000000e+00
1.637439783999794329e+01,2.462779546188096091e+01,-8.795199999999998575e-01,3.656599999999999850e-01,0.000000000000000000e+00
1.637439783999794329e+01,2.814605195643538238e+01,7.462849999999999762e-01,-4.559150000000000147e-01,0.000000000000000000e+00
1.637439783999794329e+01,3.166430845098980384e+01,8.777300000000000102e-01,-3.776700000000000057e-01,0.000000000000000000e+00
1.637439783999794329e+01,3.518256494554422886e+01,1.334699999999999949e-02,1.067150000000000043e-01,0.000000000000000000e+00
1.637439783999794329e+01,3.870082144009865033e+01,0.000000000000000000e+00,1.000000000000000000e+00,0.000000000000000000e+00
1.637439783999794329e+01,4.221907793465307179e+01,4.900149999999999784e-01,4.616460000000000008e-01,0.000000000000000000e+00
1.637439783999794329e+01,4.573733442920749326e+01,0.000000000000000000e+00,1.000000000000000000e+00,0.000000000000000000e+00
1.637439783999794329e+01,4.925559092376192183e+01,0.000000000000000000e+00,1.000000000000000000e+00,0.000000000000000000e+00
1.637439783999794329e+01,5.277384741831634329e+01,6.801599999999999868e-01,5.749400000000000066e-01,0.000000000000000000e+00
1.637439783999794329e+01,5.629210391287076476e+01,-1.148000000000004399e-02,1.561549999999999883e-01,0.000000000000000000e+00
1.637439783999794329e+01,5.981036040742518622e+01,6.682000000000000162e-01,-5.377800000000001468e-01,0.000000000000000000e+00
1.637439783999794329e+01,6.332861690197960769e+01,-4.887799999999999923e-01,3.963300000000000156e-01,0.000000000000000000e+00
1.637439783999794329e+01,6.684687339653403626e+01,-1.081500000000002078e-02,-7.557300000000000129e-01,0.000000000000000000e+00
1.637439783999794329e+01,7.036512989108845773e+01,4.765800000000000036e-01,6.081999999999999629e-01,0.000000000000000000e+00
1.637439783999794329e+01,7.388338638564287919e+01,0.000000000000000000e+00,1.000000000000000000e+00,0.000000000000000000e+00
1.637439783999794329e+01,7.740164288019730066e+01,-4.473949999999999871e-01,4.121549999999999381e-01,0.000000000000000000e+00
1.637439783999794329e+01,8.091989937475172212e+01,0.000000000000000000e+00,1.000000000000000000e+00,0.000000000000000000e+00
1.637439783999794329e+01,8.443815586930614359e+01,-4.718300000000000272e-01,4.172350000000000225e-01,0.000000000000000000e+00
1.637439783999794329e+01,8.795641236386056505e+01,0.000000000000000000e+00,1.000000000000000000e+00,0.000000000000000000e+00
1.637439783999794329e+01,9.147466885841498652e+01,3.397450000000000192e-01,7.442299999999998361e-01,0.000000000000000000e+00
1.637439783999794329e+01,9.499292535296942219e+01,0.000000000000000000e+00,1.000000000000000000e+00,0.000000000000000000e+00
1.637439783999794329e+01,9.851118184752384366e+01,4.903250000000000108e-01,5.646150000000000890e-01,0.000000000000000000e+00
1.637439783999794329e+01,1.020294383420782651e+02,0.000000000000000000e+00,1.000000000000000000e+00,0.000000000000000000e+00
1.819377537777549492e+01,1.759128247277211399e+00,-3.852499999999999813e-01,2.923299999999999788e-01,0.000000000000000000e+00
1.819377537777549492e+01,5.277384741831633974e+00,-7.875600000000000378e-01,-3.777599999999999292e-01,0.000000000000000000e+00
1.819377537777549492e+01,8.795641236386057216e+00,3.875600000000000156e-01,5.651650000000000285e-01,0.000000000000000000e+00
1.819377537777549492e+01,1.231389773094048046e+01,0.000000000000000000e+00,1.000000000000000000e+00,0.000000000000000000e+00
1.819377537777549492e+01,1.583215422549490192e+01,-4.141650000000000054e-01,3.360500000000000154e-01,0.000000000000000000e+00
1.819377537777549492e+01,1.935041072004932516e+01,-9.375900000000000345e-01,-2.787100000000000133e-01,0.000000000000000000e+00
1.819377537777549492e+01,2.286866721460374663e+01,-4.042100000000000137e-01,5.664299999999999891e-01,0.000000000000000000e+00
1.819377537777549492e+01,2.638692370915817165e+01,0.000000000000000000e+00,1.000000000000000000e+00,0.000000000000000000e+00
1.819377537777549492e+01,2.990518020371259311e+01,0.000000000000000000e+00,1.000000000000000000e+00,0.000000000000000000e+00
1.819377537777549492e+01,3.342343669826701813e+01,0.000000000000000000e+00,1.000000000000000000e+00,0.000000000000000000e+00
1.819377537777549492e+01,3.694169319282143960e+01,0.000000000000000000e+00,1.000000000000000000e+00,0.000000000000000000e+00
1.819377537777549492e+01,4.045994968737586106e+01,0.000000000000000000e+00,1.000000000000000000e+00,0.000000000000000000e+00
1.819377537777549492e+01,4.397820618193028253e+01,0.000000000000000000e+00,1.000000000000000000e+00,0.000000000000000000e+00
1.819377537777549492e+01,4.749646267648471110e+01,5.223100000000000520e-01,8.266700000000000159e-01,0.000000000000000000e+00
1.819377537777549492e+01,5.101471917103913256e+01,1.245099999999999957e-01,9.817599999999999660e-01,0.000000000000000000e+00
1.819377537777549492e+01,5.453297566559355403e+01,-9.804500000000000437e-01,4.898700000000000276e-02,0.000000000000000000e+00
1.819377537777549492e+01,5.805123216014797549e+01,0.000000000000000000e+00,1.000000000000000000e+00,0.000000000000000000e+00
1.819377537777549492e+01,6.156948865470239696e+01,0.000000000000000000e+00,1.000000000000000000e+00,0.000000000000000000e+00
1.819377537777549492e+01,6.508774514925681842e+01,0.000000000000000000e+00,1.000000000000000000e+00,0.000000000000000000e+00
1.819377537777549492e+01,6.860600164381123989e+01,0.000000000000000000e+00,1.000000000000000000e+00,0.000000000000000000e+00
1.819377537777549492e+01,7.388338638564287919e+01,0.000000000000000000e+00,1.000000000000000000e+00,0.000000000000000000e+00
1.819377537777549492e+01,7.740164288019730066e+01,0.000000000000000000e+00,1.000000000000000000e+00,0.000000000000000000e+00
1.819377537777549492e+01,8.091989937475172212e+01,0.000000000000000000e+00,1.000000000000000000e+00,1.000000000000000000e+00
1.819377537777549492e+01,8.443815586930614359e+01,0.000000000000000000e+00,1.000000000000000000e+00,1.000000000000000000e+00
1.819377537777549492e+01,8.795641236386056505e+01,0.000000000000000000e+00,1.000000000000000000e+00,1.000000000000000000e+00
1.819377537777549492e+01,9.147466885841498652e+01,3.276049999999999796e-01,8.745749999999999913e-01,1.000000000000000000e+00
1.819377537777549492e+01,9.499292535296942219e+01,-8.671299999999998454e-01,1.694499999999998785e-02,1.000000000000000000e+00
1.819377537777549492e+01,9.851118184752384366e+01,0.000000000000000000e+00,1.000000000000000000e+00,1.000000000000000000e+00
1.819377537777549492e+01,1.020294383420782651e+02,0.000000000000000000e+00,1.000000000000000000e+00,0.000000000000000000e+00
2.001315291555304299e+01,1.759128247277211399e+00,-1.977849999999999886e-01,9.367999999999999661e-01,0.000000000000000000e+00
2.001315291555304299e+01,5.277384741831633974e+00,-9.283299999999999885e-01,1.888299999999999979e-01,0.000000000000000000e+00
2.001315291555304299e+01,8.795641236386057216e+00,0.000000000000000000e+00,1.000000000000000000e+00,0.000000000000000000e+00
2.001315291555304299e+01,1.231389773094048046e+01,0.000000000000000000e+00,1.000000000000000000e+00,0.000000000000000000e+00
2.001315291555304299e+01,1.583215422549490192e+01,-2.931250000000000244e-01,8.071099999999999941e-01,0.000000000000000000e+00
2.001315291555304299e+01,1.935041072004932516e+01,0.000000000000000000e+00,1.000000000000000000e+00,0.000000000000000000e+00
2.001315291555304299e+01,2.286866721460374663e+01,3.244900000000000007e-01,2.456199999999999495e-01,0.000000000000000000e+00
2.001315291555304299e+01,2.638692370915817165e+01,0.000000000000000000e+00,1.000000000000000000e+00,0.000000000000000000e+00
2.001315291555304299e+01,2.990518020371259311e+01,4.209200000000000164e-01,3.297700000000000076e-01,0.000000000000000000e+00
2.001315291555304299e+01,3.342343669826701813e+01,-8.822299999999998477e-01,3.575800000000000090e-01,0.000000000000000000e+00
2.001315291555304299e+01,3.694169319282143960e+01,-3.083650000000000002e-01,8.163399999999999546e-01,0.000000000000000000e+00
2.001315291555304299e+01,4.045994968737586106e+01,-8.522300000000000431e-01,1.555799999999999961e-01,0.000000000000000000e+00
2.001315291555304299e+01,4.397820618193028253e+01,-3.725600000000000023e-01,3.760999999999999899e-01,0.000000000000000000e+00
2.001315291555304299e+01,4.749646267648471110e+01,0.000000000000000000e+00,1.000000000000000000e+00,0.000000000000000000e+00
2.001315291555304299e+01,5.101471917103913256e+01,4.254100000000000104e-01,3.301049999999999818e-01,0.000000000000000000e+00
2.001315291555304299e+01,5.453297566559355403e+01,0.000000000000000000e+00,1.000000000000000000e+00,0.000000000000000000e+00
2.001315291555304299e+01,5.805123216014797549e+01,0.000000000000000000e+00,1.000000000000000000e+00,0.000000000000000000e+00
2.001315291555304299e+01,6.156948865470239696e+01,-9.244499999999999940e-01,2.886099999999999222e-01,0.000000000000000000e+00
2.001315291555304299e+01,6.508774514925681842e+01,-4.372300000000000075e-01,6.832199999999999385e-01,0.000000000000000000e+00
2.001315291555304299e+01,6.860600164381123989e+01,-7.879699999999998372e-01,5.005300000000000304e-01,0.000000000000000000e+00
2.001315291555304299e+01,7.212425813836566135e+01,-8.051800000000000068e-01,3.326399999999999912e-01,0.000000000000000000e+00
2.001315291555304299e+01,7.564251463292009703e+01,9.679700000000001081e-01,-2.509900000000000464e-01,0.000000000000000000e+00
2.001315291555304299e+01,7.916077112747451849e+01,0.000000000000000000e+00,1.000000000000000000e+00,0.000000000000000000e+00
2.001315291555304299e+01,8.267902762202893996e+01,0.000000000000000000e+00,1.000000000000000000e+00,0.000000000000000000e+00
2.001315291555304299e+01,8.619728411658336142e+01,-4.907500000000000195e-01,5.369545000000000012e-01,0.000000000000000000e+00
2.001315291555304299e+01,8.971554061113778289e+01,0.000000000000000000e+00,1.000000000000000000e+00,0.000000000000000000e+00
2.001315291555304299e+01,9.323379710569220435e+01,4.997150000000000203e-01,4.831610000000000626e-01,0.000000000000000000e+00
2.001315291555304299e+01,9.675205360024662582e+01,0.000000000000000000e+00,1.000000000000000000e+00,0.000000000000000000e+00
2.001315291555304299e+01,1.002703100948010473e+02,4.542450000000000099e-01,6.596299999999999386e-01,0.000000000000000000e+00
2.001315291555304299e+01,1.037885665893554688e+02,9.425099999999999589e-01,-2.510800000000000254e-01,0.000000000000000000e+00
2.183253045333059106e+01,3.518256494554422797e+00,4.931699999999999973e-01,5.210019999999999651e-01,0.000000000000000000e+00
2.183253045333059106e+01,7.036512989108845595e+00,0.000000000000000000e+00,1.000000000000000000e+00,0.000000000000000000e+00
2.183253045333059106e+01,1.055476948366326795e+01,4.561100000000000154e-01,6.585449999999999360e-01,0.000000000000000000e+00
2.183253045333059106e+01,1.407302597821769119e+01,9.157199999999999784e-01,2.544600000000000195e-01,0.000000000000000000e+00
2.183253045333059106e+01,1.759128247277211443e+01,3.047549999999999981e-01,-1.779649999999999288e-01,0.000000000000000000e+00
2.183253045333059106e+01,2.110953896732653590e+01,7.216599999999998571e-01,4.511399999999999855e-01,0.000000000000000000e+00
2.183253045333059106e+01,2.462779546188096091e+01,0.000000000000000000e+00,1.000000000000000000e+00,0.000000000000000000e+00
2.183253045333059106e+01,2.814605195643538238e+01,0.000000000000000000e+00,1.000000000000000000e+00,0.000000000000000000e+00
2.183253045333059106e+01,3.166430845098980384e+01,4.484650000000000025e-01,6.365499999999999492e-01,0.000000000000000000e+00
2.183253045333059106e+01,3.518256494554422886e+01,8.346700000000000230e-01,3.319099999999999273e-01,0.000000000000000000e+00
2.183253045333059106e+01,3.870082144009865033e+01,4.238100000000000200e-01,4.864054999999999351e-01,0.000000000000000000e+00
2.183253045333059106e+01,4.221907793465307179e+01,0.000000000000000000e+00,1.000000000000000000e+00,0.000000000000000000e+00
2.183253045333059106e+01,4.573733442920749326e+01,-4.229200000000000181e-01,3.283800000000000052e-01,0.000000000000000000e+00
2.183253045333059106e+01,4.925559092376192183e+01,0.000000000000000000e+00,1.000000000000000000e+00,0.000000000000000000e+00
2.183253045333059106e+01,5.277384741831634329e+01,0.000000000000000000e+00,1.000000000000000000e+00,0.000000000000000000e+00
2.183253045333059106e+01,5.629210391287076476e+01,0.000000000000000000e+00,1.000000000000000000e+00,0.000000000000000000e+00
2.183253045333059106e+01,5.981036040742518622e+01,4.389149999999999996e-01,6.540250000000000785e-01,0.000000000000000000e+00
2.183253045333059106e+01,6.332861690197960769e+01,-8.749700000000000255e-01,-3.677000000000000268e-01,0.000000000000000000e+00
2.183253045333059106e+01,6.684687339653403626e+01,8.020500000000000407e-01,1.681873999999999869e-01,0.000000000000000000e+00
2.183253045333059106e+01,7.036512989108845773e+01,-7.903000000000000025e-01,2.115100000000000036e-01,0.000000000000000000e+00
2.183253045333059106e+01,7.388338638564287919e+01,0.000000000000000000e+00,1.000000000000000000e+00,0.000000000000000000e+00
2.183253045333059106e+01,7.740164288019730066e+01,0.000000000000000000e+00,1.000000000000000000e+00,0.000000000000000000e+00
2.183253045333059106e+01,8.091989937475172212e+01,0.000000000000000000e+00,1.000000000000000000e+00,0.000000000000000000e+00
2.183253045333059106e+01,8.443815586930614359e+01,0.000000000000000000e+00,1.000000000000000000e+00,0.000000000000000000e+00
2.183253045333059106e+01,8.795641236386056505e+01,0.000000000000000000e+00,1.000000000000000000e+00,0.000000000000000000e+00
2.183253045333059106e+01,9.147466885841498652e+01,-4.710500000000000242e-01,8.793900000000000050e-01,0.000000000000000000e+00
2.183253045333059106e+01,9.499292535296942219e+01,3.754149999999999848e-02,9.985750000000002125e-01,0.000000000000000000e+00
2.183253045333059106e+01,9.851118184752384366e+01,6.331799999999999651e-01,7.573800000000000532e-01,0.000000000000000000e+00
2.183253045333059106e+01,1.020294383420782651e+02,4.088350000000000040e-01,7.724750000000000227e-01,0.000000000000000000e+00
2.365190799110814268e+01,1.759128247277211399e+00,0.000000000000000000e+00,1.000000000000000000e+00,0.000000000000000000e+00
2.365190799110814268e+01,5.277384741831633974e+00,0.000000000000000000e+00,1.000000000000000000e+00,0.000000000000000000e+00
2.365190799110814268e+01,8.795641236386057216e+00,3.795799999999999730e-01,9.241500000000000270e-01,0.000000000000000000e+00
2.365190799110814268e+01,1.407302597821769119e+01,0.000000000000000000e+00,1.000000000000000000e+00,0.000000000000000000e+00
2.365190799110814268e+01,1.759128247277211443e+01,0.000000000000000000e+00,1.000000000000000000e+00,0.000000000000000000e+00
2.365190799110814268e+01,2.110953896732653590e+01,0.000000000000000000e+00,1.000000000000000000e+00,0.000000000000000000e+00
2.365190799110814268e+01,2.462779546188096091e+01,9.637500000000000233e-02,9.893950000000000244e-01,0.000000000000000000e+00
2.365190799110814268e+01,2.814605195643538238e+01,6.555500000000000216e-02,9.152599999999999625e-01,0.000000000000000000e+00
2.365190799110814268e+01,3.166430845098980384e+01,-2.731399999999999939e-01,8.573499999999999455e-01,1.000000000000000000e+00
2.365190799110814268e+01,3.518256494554422886e+01,0.000000000000000000e+00,1.000000000000000000e+00,1.000000000000000000e+00
2.365190799110814268e+01,3.870082144009865033e+01,0.000000000000000000e+00,1.000000000000000000e+00,1.000000000000000000e+00
2.365190799110814268e+01,4.221907793465307179e+01,0.000000000000000000e+00,1.000000000000000000e+00,1.000000000000000000e+00
2.365190799110814268e+01,4.573733442920749326e+01,2.881750000000000145e-01,1.444750000000000201e-01,0.000000000000000000e+00
2.365190799110814268e+01,4.925559092376192183e+01,-9.616200000000000303e-01,2.639199999999999324e-01,0.000000000000000000e+00
2.365190799110814268e+01,5.277384741831634329e+01,-4.163999999999999924e-01,5.999950000000000561e-01,0.000000000000000000e+00
2.365190799110814268e+01,5.629210391287076476e+01,8.833600000000000341e-01,1.857000000000000040e-01,0.000000000000000000e+00
2.365190799110814268e+01,5.981036040742518622e+01,3.955649999999999999e-01,2.969999999999999862e-01,0.000000000000000000e+00
2.365190799110814268e+01,6.332861690197960769e+01,0.000000000000000000e+00,1.000000000000000000e+00,0.000000000000000000e+00
2.365190799110814268e+01,6.684687339653403626e+01,3.298849999999999838e-01,2.482000000000000040e-01,0.000000000000000000e+00
2.365190799110814268e+01,7.036512989108845773e+01,0.000000000000000000e+00,1.000000000000000000e+00,0.000000000000000000e+00
2.365190799110814268e+01,7.388338638564287919e+01,-4.492200000000000082e-01,6.340399999999999370e-01,0.000000000000000000e+00
2.365190799110814268e+01,7.740164288019730066e+01,-8.287600000000000522e-01,4.318100000000000271e-01,0.000000000000000000e+00
2.365190799110814268e+01,8.091989937475172212e+01,1.513700000000000045e-01,2.016650000000000387e-01,0.000000000000000000e+00
2.365190799110814268e+01,8.443815586930614359e+01,-8.210499999999998355e-01,2.712300000000000821e-01,0.000000000000000000e+00
2.365190799110814268e+01,8.795641236386056505e+01,-7.616749999999999909e-01,3.471549999999999914e-01,0.000000000000000000e+00
2.365190799110814268e+01,9.147466885841498652e+01,0.000000000000000000e+00,1.000000000000000000e+00,0.000000000000000000e+00
2.365190799110814268e+01,9.499292535296942219e+01,0.000000000000000000e+00,1.000000000000000000e+00,0.000000000000000000e+00
2.365190799110814268e+01,9.851118184752384366e+01,0.000000000000000000e+00,1.000000000000000000e+00,0.000000000000000000e+00
2.365190799110814268e+01,1.020294383420782651e+02,-4.544199999999999906e-01,5.973249999999999948e-01,0.000000000000000000e+00
2.547128552888569075e+01,1.759128247277211399e+00,-9.015800000000000480e-01,2.628299999999994530e-02,0.000000000000000000e+00
2.547128552888569075e+01,5.277384741831633974e+00,0.000000000000000000e+00,1.000000000000000000e+00,0.000000000000000000e+00
2.547128552888569075e+01,8.795641236386057216e+00,0.000000000000000000e+00,1.000000000000000000e+00,0.000000000000000000e+00
2.547128552888569075e+01,1.231389773094048046e+01,-3.985885000000000122e-01,6.746349999999999847e-01,0.000000000000000000e+00
2.547128552888569075e+01,1.583215422549490192e+01,0.000000000000000000e+00,1.000000000000000000e+00,0.000000000000000000e+00
2.547128552888569075e+01,1.935041072004932516e+01,0.000000000000000000e+00,1.000000000000000000e+00,0.000000000000000000e+00
2.547128552888569075e+01,2.286866721460374663e+01,-7.954099999999998394e-01,5.483799999999999786e-01,0.000000000000000000e+00
2.547128552888569075e+01,2.638692370915817165e+01,9.269650000000000389e-01,-2.653900000000000148e-01,0.000000000000000000e+00
2.547128552888569075e+01,2.990518020371259311e+01,-9.432800000000000074e-01,2.829200000000000603e-01,0.000000000000000000e+00
2.547128552888569075e+01,3.342343669826701813e+01,-9.569649999999999546e-01,1.750460000000000071e-01,0.000000000000000000e+00
2.547128552888569075e+01,3.694169319282143960e+01,0.000000000000000000e+00,1.000000000000000000e+00,0.000000000000000000e+00
2.547128552888569075e+01,4.045994968737586106e+01,0.000000000000000000e+00,1.000000000000000000e+00,0.000000000000000000e+00
2.547128552888569075e+01,4.397820618193028253e+01,0.000000000000000000e+00,1.000000000000000000e+00,0.000000000000000000e+00
2.547128552888569075e+01,4.749646267648471110e+01,4.840900000000000203e-01,5.230905000000000138e-01,0.000000000000000000e+00
2.547128552888569075e+01,5.101471917103913256e+01,0.000000000000000000e+00,1.000000000000000000e+00,0.000000000000000000e+00
2.547128552888569075e+01,5.453297566559355403e+01,5.057869999999999866e-01,3.339699999999999891e-01,0.000000000000000000e+00
2.547128552888569075e+01,5.805123216014797549e+01,9.381800000000000139e-01,1.845799999999999941e-01,0.000000000000000000e+00
2.547128552888569075e+01,6.156948865470239696e+01,3.968200000000000061e-01,6.906099999999999461e-01,0.000000000000000000e+00
2.547128552888569075e+01,6.508774514925681842e+01,8.540699999999999958e-01,3.481699999999999795e-01,0.000000000000000000e+00
2.547128552888569075e+01,6.860600164381123989e+01,0.000000000000000000e+00,1.000000000000000000e+00,0.000000000000000000e+00
2.547128552888569075e+01,7.212425813836566135e+01,0.000000000000000000e+00,1.000000000000000000e+00,0.000000000000000000e+00
2.547128552888569075e+01,7.564251463292009703e+01,4.222449999999999815e-01,6.789700000000000735e-01,0.000000000000000000e+00
2.547128552888569075e+01,7.916077112747451849e+01,-8.311900000000002064e-01,-4.510600000000000165e-01,0.000000000000000000e+00
2.547128552888569075e+01,8.267902762202893996e+01,3.826499999999999901e-01,4.481399999999999828e-01,0.000000000000000000e+00
2.547128552888569075e+01,8.619728411658336142e+01,0.000000000000000000e+00,1.000000000000000000e+00,0.000000000000000000e+00
2.547128552888569075e+01,8.971554061113778289e+01,-4.573450000000000015e-01,4.050250000000000239e-01,0.000000000000000000e+00
2.547128552888569075e+01,9.323379710569220435e+01,0.000000000000000000e+00,1.000000000000000000e+00,0.000000000000000000e+00
2.547128552888569075e+01,9.675205360024662582e+01,0.000000000000000000e+00,1.000000000000000000e+00,0.000000000000000000e+00
2.547128552888569075e+01,1.002703100948010473e+02,0.000000000000000000e+00,1.000000000000000000e+00,0.000000000000000000e+00
2.547128552888569075e+01,1.037885665893554688e+02,0.000000000000000000e+00,1.000000000000000000e+00,0.000000000000000000e+00
2.729066306666324238e+01,3.518256494554422797e+00,0.000000000000000000e+00,1.000000000000000000e+00,0.000000000000000000e+00
2.729066306666324238e+01,7.036512989108845595e+00,-3.671249999999999791e-01,3.007999999999999563e-01,0.000000000000000000e+00
2.729066306666324238e+01,1.055476948366326795e+01,0.000000000000000000e+00,1.000000000000000000e+00,0.000000000000000000e+00
2.729066306666324238e+01,1.407302597821769119e+01,0.000000000000000000e+00,1.000000000000000000e+00,0.000000000000000000e+00
2.729066306666324238e+01,1.759128247277211443e+01,0.000000000000000000e+00,1.000000000000000000e+00,0.000000000000000000e+00
2.729066306666324238e+01,2.110953896732653590e+01,-3.750700000000000145e-01,2.486899999999999944e-01,0.000000000000000000e+00
2.729066306666324238e+01,2.462779546188096091e+01,0.000000000000000000e+00,1.000000000000000000e+00,0.000000000000000000e+00
2.729066306666324238e+01,2.814605195643538238e+01,0.000000000000000000e+00,1.000000000000000000e+00,0.000000000000000000e+00
2.729066306666324238e+01,3.166430845098980384e+01,0.000000000000000000e+00,1.000000000000000000e+00,0.000000000000000000e+00
2.729066306666324238e+01,3.518256494554422886e+01,0.000000000000000000e+00,1.000000000000000000e+00,0.000000000000000000e+00
2.729066306666324238e+01,3.870082144009865033e+01,0.000000000000000000e+00,1.000000000000000000e+00,0.000000000000000000e+00
2.729066306666324238e+01,4.221907793465307179e+01,0.000000000000000000e+00,1.000000000000000000e+00,0.000000000000000000e+00
2.729066306666324238e+01,4.573733442920749326e+01,0.000000000000000000e+00,1.000000000000000000e+00,0.000000000000000000e+00
2.729066306666324238e+01,4.925559092376192183e+01,0.000000000000000000e+00,1.000000000000000000e+00,0.000000000000000000e+00
2.729066306666324238e+01,5.277384741831634329e+01,3.491799999999999904e-01,9.363899999999999446e-01,0.000000000000000000e+00
2.729066306666324238e+01,5.805123216014797549e+01,0.000000000000000000e+00,1.000000000000000000e+00,0.000000000000000000e+00
2.729066306666324238e+01,6.156948865470239696e+01,7.717999999999999861e-02,9.902999999999999581e-01,0.000000000000000000e+00
2.729066306666324238e+01,6.508774514925681842e+01,0.000000000000000000e+00,1.000000000000000000e+00,0.000000000000000000e+00
2.729066306666324238e+01,6.860600164381123989e+01,-4.400899999999999812e-01,2.695100000000000273e-01,0.000000000000000000e+00
2.729066306666324238e+01,7.212425813836566135e+01,0.000000000000000000e+00,1.000000000000000000e+00,0.000000000000000000e+00
2.729066306666324238e+01,7.564251463292009703e+01,0.000000000000000000e+00,1.000000000000000000e+00,0.000000000000000000e+00
2.729066306666324238e+01,7.916077112747451849e+01,0.000000000000000000e+00,1.000000000000000000e+00,0.000000000000000000e+00
2.729066306666324238e+01,8.267902762202893996e+01,0.000000000000000000e+00,1.000000000000000000e+00,1.000000000000000000e+00
2.729066306666324238e+01,8.619728411658336142e+01,0.000000000000000000e+00,1.000000000000000000e+00,1.000000000000000000e+00
2.729066306666324238e+01,8.971554061113778289e+01,-3.382000000000000006e-01,8.237449999999998385e-01,1.000000000000000000e+00
2.729066306666324238e+01,9.323379710569220435e+01,8.677899999999998393e-01,-4.069799999999998974e-01,1.000000000000000000e+00
2.729066306666324238e+01,9.675205360024662582e+01,5.653999999999991671e-02,1.535799999999999943e-01,0.000000000000000000e+00
2.729066306666324238e+01,1.002703100948010473e+02,6.994200000000000417e-01,3.142199999999999438e-01,0.000000000000000000e+00
2.729066306666324238e+01,1.037885665893554688e+02,0.000000000000000000e+00,1.000000000000000000e+00,0.000000000000000000e+00
2.911004060444079045e+01,3.518256494554422797e+00,0.000000000000000000e+00,1.000000000000000000e+00,0.000000000000000000e+00
2.911004060444079045e+01,7.036512989108845595e+00,-3.890250000000000097e-01,7.318949999999998512e-01,0.000000000000000000e+00
2.911004060444079045e+01,1.055476948366326795e+01,9.018899999999999695e-01,-2.395200000000000662e-01,0.000000000000000000e+00
2.911004060444079045e+01,1.407302597821769119e+01,-3.898949999999999916e-01,4.679559999999999276e-01,0.000000000000000000e+00
2.911004060444079045e+01,1.759128247277211443e+01,0.000000000000000000e+00,1.000000000000000000e+00,0.000000000000000000e+00
2.911004060444079045e+01,2.110953896732653590e+01,-4.024900000000000144e-01,7.046449999999999658e-01,0.000000000000000000e+00
2.911004060444079045e+01,2.462779546188096091e+01,0.000000000000000000e+00,1.000000000000000000e+00,0.000000000000000000e+00
2.911004060444079045e+01,2.814605195643538238e+01,-3.094350000000000156e-01,7.747150000000000425e-01,0.000000000000000000e+00
2.911004060444079045e+01,3.166430845098980384e+01,0.000000000000000000e+00,1.000000000000000000e+00,0.000000000000000000e+00
2.911004060444079045e+01,3.518256494554422886e+01,-4.530399999999999983e-01,6.586049999999999960e-01,0.000000000000000000e+00
2.911004060444079045e+01,3.870082144009865033e+01,-8.184099999999998598e-01,4.580299999999999372e-01,0.000000000000000000e+00
2.911004060444079045e+01,4.221907793465307179e+01,-7.778350000000000541e-01,4.138649999999999829e-01,0.000000000000000000e+00
2.911004060444079045e+01,4.573733442920749326e+01,-8.882799999999998475e-01,3.110200000000000742e-01,0.000000000000000000e+00
2.911004060444079045e+01,4.925559092376192183e+01,-1.819449999999999956e-01,7.805599999999998095e-01,0.000000000000000000e+00
2.911004060444079045e+01,5.277384741831634329e+01,0.000000000000000000e+00,1.000000000000000000e+00,0.000000000000000000e+00
2.911004060444079045e+01,5.629210391287076476e+01,0.000000000000000000e+00,1.000000000000000000e+00,0.000000000000000000e+00
2.911004060444079045e+01,5.981036040742518622e+01,0.000000000000000000e+00,1.000000000000000000e+00,0.000000000000000000e+00
2.911004060444079045e+01,6.332861690197960769e+01,-4.573749999999999760e-01,6.312800000000000633e-01,0.000000000000000000e+00
2.911004060444079045e+01,6.684687339653403626e+01,9.072200000000000264e-01,-3.988800000000000123e-01,0.000000000000000000e+00
2.911004060444079045e+01,7.036512989108845773e+01,-4.831099999999999839e-01,6.135099999999999998e-01,0.000000000000000000e+00
2.911004060444079045e+01,7.388338638564287919e+01,8.590600000000000458e-01,-3.980500000000000149e-01,0.000000000000000000e+00
2.911004060444079045e+01,7.740164288019730066e+01,-4.905100000000000016e-01,4.647565000000000168e-01,0.000000000000000000e+00
2.911004060444079045e+01,8.091989937475172212e+01,0.000000000000000000e+00,1.000000000000000000e+00,0.000000000000000000e+00
2.911004060444079045e+01,8.443815586930614359e+01,0.000000000000000000e+00,1.000000000000000000e+00,0.000000000000000000e+00
2.911004060444079045e+01,8.795641236386056505e+01,0.000000000000000000e+00,1.000000000000000000e+00,0.000000000000000000e+00
2.911004060444079045e+01,9.147466885841498652e+01,4.767250000000000099e-01,5.576750000000000318e-01,0.000000000000000000e+00
2.911004060444079045e+01,9.499292535296942219e+01,8.881700000000001261e-01,2.250099999999999878e-01,0.000000000000000000e+00
2.911004060444079045e+01,9.851118184752384366e+01,-1.231550000000000006e-01,1.666400000000000103e-01,0.000000000000000000e+00
2.911004060444079045e+01,1.020294383420782651e+02,0.000000000000000000e+00,1.000000000000000000e+00,0.000000000000000000e+00
3.092941814221833852e+01,1.759128247277211399e+00,4.840099999999999958e-01,5.619899999999999896e-01,0.000000000000000000e+00
3.092941814221833852e+01,5.277384741831633974e+00,0.000000000000000000e+00,1.000000000000000000e+00,0.000000000000000000e+00
3.092941814221833852e+01,8.795641236386057216e+00,4.308150000000000035e-01,6.535599999999999188e-01,0.000000000000000000e+00
3.092941814221833852e+01,1.231389773094048046e+01,0.000000000000000000e+00,1.000000000000000000e+00,0.000000000000000000e+00
3.092941814221833852e+01,1.583215422549490192e+01,4.333549999999999902e-01,6.601650000000000018e-01,0.000000000000000000e+00
3.092941814221833852e+01,1.935041072004932516e+01,8.761100000000000554e-01,2.873499999999999943e-01,0.000000000000000000e+00
3.092941814221833852e+01,2.286866721460374663e+01,-2.901799999999999935e-01,2.148300000000000765e-01,0.000000000000000000e+00
3.092941814221833852e+01,2.638692370915817165e+01,0.000000000000000000e+00,1.000000000000000000e+00,0.000000000000000000e+00
3.092941814221833852e+01,2.990518020371259311e+01,4.565899999999999959e-01,6.350850000000000106e-01,0.000000000000000000e+00
3.092941814221833852e+01,3.342343669826701813e+01,0.000000000000000000e+00,1.000000000000000000e+00,0.000000000000000000e+00
3.092941814221833852e+01,3.694169319282143960e+01,-3.574550000000000227e-01,2.568150000000000155e-01,0.000000000000000000e+00
3.092941814221833852e+01,4.045994968737586106e+01,8.538999999999999924e-01,-2.020699999999999996e-01,0.000000000000000000e+00
3.092941814221833852e+01,4.397820618193028253e+01,3.989800000000000013e-01,4.487650000000000250e-01,0.000000000000000000e+00
3.092941814221833852e+01,4.749646267648471110e+01,0.000000000000000000e+00,1.000000000000000000e+00,0.000000000000000000e+00
3.092941814221833852e+01,5.101471917103913256e+01,0.000000000000000000e+00,1.000000000000000000e+00,0.000000000000000000e+00
3.092941814221833852e+01,5.453297566559355403e+01,0.000000000000000000e+00,1.000000000000000000e+00,0.000000000000000000e+00
3.092941814221833852e+01,5.805123216014797549e+01,0.000000000000000000e+00,1.000000000000000000e+00,0.000000000000000000e+00
3.092941814221833852e+01,6.156948865470239696e+01,0.000000000000000000e+00,1.000000000000000000e+00,0.000000000000000000e+00
3.092941814221833852e+01,6.508774514925681842e+01,-4.148299999999999765e-01,3.481549999999999923e-01,0.000000000000000000e+00
3.092941814221833852e+01,6.860600164381123989e+01,8.600400000000000267e-01,3.869600000000000262e-01,0.000000000000000000e+00
3.092941814221833852e+01,7.212425813836566135e+01,2.634349999999999747e-01,9.227649999999999464e-01,0.000000000000000000e+00
3.092941814221833852e+01,7.564251463292009703e+01,0.000000000000000000e+00,1.000000000000000000e+00,0.000000000000000000e+00
3.092941814221833852e+01,7.916077112747451849e+01,0.000000000000000000e+00,1.000000000000000000e+00,0.000000000000000000e+00
3.092941814221833852e+01,8.267902762202893996e+01,0.000000000000000000e+00,1.000000000000000000e+00,0.000000000000000000e+00
3.092941814221833852e+01,8.619728411658336142e+01,3.608250000000000068e-01,8.418700000000000072e-01,0.000000000000000000e+00
3.092941814221833852e+01,8.971554061113778289e+01,0.000000000000000000e+00,1.000000000000000000e+00,0.000000000000000000e+00
3.092941814221833852e+01,9.323379710569220435e+01,0.000000000000000000e+00,1.000000000000000000e+00,0.000000000000000000e+00
3.092941814221833852e+01,9.675205360024662582e+01,0.000000000000000000e+00,1.000000000000000000e+00,0.000000000000000000e+00
3.092941814221833852e+01,1.020294383420782651e+02,0.000000000000000000e+00,1.000000000000000000e+00,0.000000000000000000e+00
3.274879567999588659e+01,1.759128247277211399e+00,-4.783350000000000102e-02,9.682399999999999896e-01,0.000000000000000000e+00
3.274879567999588659e+01,5.277384741831633974e+00,0.000000000000000000e+00,1.000000000000000000e+00,0.000000000000000000e+00
3.274879567999588659e+01,8.795641236386057216e+00,0.000000000000000000e+00,1.000000000000000000e+00,0.000000000000000000e+00
3.274879567999588659e+01,1.231389773094048046e+01,0.000000000000000000e+00,1.000000000000000000e+00,0.000000000000000000e+00
3.274879567999588659e+01,1.583215422549490192e+01,0.000000000000000000e+00,1.000000000000000000e+00,0.000000000000000000e+00
3.274879567999588659e+01,1.935041072004932516e+01,0.000000000000000000e+00,1.000000000000000000e+00,0.000000000000000000e+00
3.274879567999588659e+01,2.286866721460374663e+01,3.869750000000000134e-01,7.913049999999998141e-01,0.000000000000000000e+00
3.274879567999588659e+01,2.638692370915817165e+01,0.000000000000000000e+00,1.000000000000000000e+00,0.000000000000000000e+00
3.274879567999588659e+01,2.990518020371259311e+01,3.503499999999999948e-01,2.659500000000000197e-01,1.000000000000000000e+00
3.274879567999588659e+01,3.342343669826701813e+01,0.000000000000000000e+00,1.000000000000000000e+00,1.000000000000000000e+00
3.274879567999588659e+01,3.694169319282143960e+01,-3.557500000000000107e-01,7.391149999999998554e-01,1.000000000000000000e+00
3.274879567999588659e+01,4.045994968737586106e+01,0.000000000000000000e+00,1.000000000000000000e+00,1.000000000000000000e+00
3.274879567999588659e+01,4.397820618193028253e+01,0.000000000000000000e+00,1.000000000000000000e+00,0.000000000000000000e+00
3.274879567999588659e+01,4.749646267648471110e+01,0.000000000000000000e+00,1.000000000000000000e+00,0.000000000000000000e+00
3.274879567999588659e+01,5.101471917103913256e+01,-3.215299999999999825e-01,8.150399999999999867e-01,0.000000000000000000e+00
3.274879567999588659e+01,5.453297566559355403e+01,8.367499999999999938e-01,-3.280500000000000083e-01,0.000000000000000000e+00
3.274879567999588659e+01,5.805123216014797549e+01,9.801000000000002765e-02,8.555000000000001492e-02,0.000000000000000000e+00
3.274879567999588659e+01,6.156948865470239696e+01,-8.404800000000000049e-01,-2.712800000000004097e-02,0.000000000000000000e+00
3.274879567999588659e+01,6.508774514925681842e+01,0.000000000000000000e+00,1.000000000000000000e+00,0.000000000000000000e+00
3.274879567999588659e+01,6.860600164381123989e+01,0.000000000000000000e+00,1.000000000000000000e+00,0.000000000000000000e+00
3.274879567999588659e+01,7.212425813836566135e+01,-2.241450000000000109e-01,8.572600000000000220e-01,0.000000000000000000e+00
3.274879567999588659e+01,7.564251463292009703e+01,0.000000000000000000e+00,1.000000000000000000e+00,0.000000000000000000e+00
3.274879567999588659e+01,7.916077112747451849e+01,0.000000000000000000e+00,1.000000000000000000e+00,0.000000000000000000e+00
3.274879567999588659e+01,8.267902762202893996e+01,-8.035999999999999810e-01,4.610400000000000054e-01,0.000000000000000000e+00
3.274879567999588659e+01,8.619728411658336142e+01,-8.355749999999998456e-01,3.632199999999999873e-01,0.000000000000000000e+00
3.274879567999588659e+01,8.971554061113778289e+01,-7.203600000000000003e-01,5.432200000000000362e-01,0.000000000000000000e+00
3.274879567999588659e+01,9.323379710569220435e+01,-9.427499999999999769e-02,-1.852949999999999875e-01,0.000000000000000000e+00
3.274879567999588659e+01,9.675205360024662582e+01,5.805500000000000244e-02,-9.348600000000000243e-01,0.000000000000000000e+00
3.274879567999588659e+01,1.002703100948010473e+02,9.271000000000000074e-02,3.990549999999999931e-01,0.000000000000000000e+00
3.274879567999588659e+01,1.037885665893554688e+02,3.882900000000000240e-02,9.990700000000000136e-01,0.000000000000000000e+00
3.456817321777344176e+01,3.518256494554422797e+00,8.231999999999998208e-01,-3.653250000000000108e-01,0.000000000000000000e+00
3.456817321777344176e+01,7.036512989108845595e+00,8.028600000000000181e-01,5.330899999999999528e-01,0.000000000000000000e+00
3.456817321777344176e+01,1.055476948366326795e+01,3.538850000000000329e-02,1.058349999999999985e-01,0.000000000000000000e+00
3.456817321777344176e+01,1.407302597821769119e+01,0.000000000000000000e+00,1.000000000000000000e+00,0.000000000000000000e+00
3.456817321777344176e+01,1.759128247277211443e+01,4.963049999999999962e-01,4.707450000000000245e-01,0.000000000000000000e+00
3.456817321777344176e+01,2.110953896732653590e+01,0.000000000000000000e+00,1.000000000000000000e+00,0.000000000000000000e+00
3.456817321777344176e+01,2.462779546188096091e+01,0.000000000000000000e+00,1.000000000000000000e+00,0.000000000000000000e+00
3.456817321777344176e+01,2.814605195643538238e+01,9.876599999999999824e-01,4.237100000000004751e-02,0.000000000000000000e+00
3.456817321777344176e+01,3.166430845098980384e+01,4.594699999999999895e-01,6.252699999999999925e-01,0.000000000000000000e+00
3.456817321777344176e+01,3.518256494554422886e+01,9.496299999999999741e-01,-2.396899999999999586e-01,0.000000000000000000e+00
3.456817321777344176e+01,3.870082144009865033e+01,3.357350000000000056e-01,8.701799999999998425e-01,0.000000000000000000e+00
3.456817321777344176e+01,4.221907793465307179e+01,-1.171800000000000619e-01,-7.832299999999999818e-01,0.000000000000000000e+00
3.456817321777344176e+01,4.573733442920749326e+01,4.621000000000000107e-01,6.396399999999999864e-01,0.000000000000000000e+00
3.456817321777344176e+01,4.925559092376192183e+01,9.035800000000000498e-01,1.890400000000000413e-01,0.000000000000000000e+00
3.456817321777344176e+01,5.277384741831634329e+01,4.457149999999999723e-01,5.963650000000000340e-01,0.000000000000000000e+00
3.456817321777344176e+01,5.629210391287076476e+01,0.000000000000000000e+00,1.000000000000000000e+00,0.000000000000000000e+00
3.456817321777344176e+01,5.981036040742518622e+01,-4.726150000000000073e-01,4.152850000000000152e-01,0.000000000000000000e+00
3.456817321777344176e+01,6.332861690197960769e+01,0.000000000000000000e+00,1.000000000000000000e+00,0.000000000000000000e+00
3.456817321777344176e+01,6.684687339653403626e+01,-3.423450000000000104e-01,2.538949999999999818e-01,0.000000000000000000e+00
3.456817321777344176e+01,7.036512989108845773e+01,0.000000000000000000e+00,1.000000000000000000e+00,0.000000000000000000e+00
3.456817321777344176e+01,7.388338638564287919e+01,4.920450000000000101e-01,5.673550000000000537e-01,0.000000000000000000e+00
3.456817321777344176e+01,7.740164288019730066e+01,8.879599999999998605e-01,3.118699999999999806e-01,0.000000000000000000e+00
3.456817321777344176e+01,8.091989937475172212e+01,3.550800000000000067e-01,7.534449999999998093e-01,0.000000000000000000e+00
3.456817321777344176e+01,8.443815586930614359e+01,-7.578599999999998671e-01,1.968399999999999872e-01,0.000000000000000000e+00
3.456817321777344176e+01,8.795641236386056505e+01,0.000000000000000000e+00,1.000000000000000000e+00,0.000000000000000000e+00
3.456817321777344176e+01,9.147466885841498652e+01,0.000000000000000000e+00,1.000000000000000000e+00,0.000000000000000000e+00
3.456817321777344176e+01,9.499292535296942219e+01,0.000000000000000000e+00,1.000000000000000000e+00,0.000000000000000000e+00
3.456817321777344176e+01,9.851118184752384366e+01,0.000000000000000000e+00,1.000000000000000000e+00,0.000000000000000000e+00
3.456817321777344176e+01,1.020294383420782651e+02,0.000000000000000000e+00,1.000000000000000000e+00,0.000000000000000000e+00
3.638755075555098983e+01,1.759128247277211399e+00,-8.168299999999998340e-01,2.918000000000000593e-01,0.000000000000000000e+00
3.638755075555098983e+01,5.277384741831633974e+00,0.000000000000000000e+00,1.000000000000000000e+00,0.000000000000000000e+00
3.638755075555098983e+01,8.795641236386057216e+00,0.000000000000000000e+00,1.000000000000000000e+00,0.000000000000000000e+00
3.638755075555098983e+01,1.231389773094048046e+01,0.000000000000000000e+00,1.000000000000000000e+00,0.000000000000000000e+00
3.638755075555098983e+01,1.583215422549490192e+01,0.000000000000000000e+00,1.000000000000000000e+00,0.000000000000000000e+00
3.638755075555098983e+01,1.935041072004932516e+01,0.000000000000000000e+00,1.000000000000000000e+00,0.000000000000000000e+00
3.638755075555098983e+01,2.286866721460374663e+01,3.413599999999999968e-01,9.309399999999999897e-01,0.000000000000000000e+00
3.638755075555098983e+01,2.638692370915817165e+01,7.580000000000000626e-02,9.915049999999999697e-01,0.000000000000000000e+00
3.638755075555098983e+01,2.990518020371259311e+01,9.888200000000000323e-01,-2.636799999999994704e-02,0.000000000000000000e+00
3.638755075555098983e+01,3.342343669826701813e+01,0.000000000000000000e+00,1.000000000000000000e+00,0.000000000000000000e+00
3.638755075555098983e+01,3.694169319282143960e+01,0.000000000000000000e+00,1.000000000000000000e+00,0.000000000000000000e+00
3.638755075555098983e+01,4.221907793465307179e+01,0.000000000000000000e+00,1.000000000000000000e+00,0.000000000000000000e+00
3.638755075555098983e+01,4.573733442920749326e+01,-1.391449999999999909e-01,9.553549999999999542e-01,0.000000000000000000e+00
3.638755075555098983e+01,4.925559092376192183e+01,0.000000000000000000e+00,1.000000000000000000e+00,0.000000000000000000e+00
3.638755075555098983e+01,5.277384741831634329e+01,0.000000000000000000e+00,1.000000000000000000e+00,0.000000000000000000e+00
3.638755075555098983e+01,5.629210391287076476e+01,0.000000000000000000e+00,1.000000000000000000e+00,0.000000000000000000e+00
3.638755075555098983e+01,5.981036040742518622e+01,0.000000000000000000e+00,1.000000000000000000e+00,0.000000000000000000e+00
3.638755075555098983e+01,6.332861690197960769e+01,0.000000000000000000e+00,1.000000000000000000e+00,0.000000000000000000e+00
3.638755075555098983e+01,6.684687339653403626e+01,-2.948200000000000265e-01,8.331499999999999462e-01,0.000000000000000000e+00
3.638755075555098983e+01,7.036512989108845773e+01,7.828399999999999803e-01,2.135400000000000909e-01,0.000000000000000000e+00
3.638755075555098983e+01,7.388338638564287919e+01,0.000000000000000000e+00,1.000000000000000000e+00,0.000000000000000000e+00
3.638755075555098983e+01,7.740164288019730066e+01,0.000000000000000000e+00,1.000000000000000000e+00,0.000000000000000000e+00
3.638755075555098983e+01,8.091989937475172212e+01,3.693699999999999761e-01,2.866649999999999476e-01,1.000000000000000000e+00
3.638755075555098983e+01,8.443815586930614359e+01,0.000000000000000000e+00,1.000000000000000000e+00,1.000000000000000000e+00
3.638755075555098983e+01,8.795641236386056505e+01,0.000000000000000000e+00,1.000000000000000000e+00,0.000000000000000000e+00
3.638755075555098983e+01,9.147466885841498652e+01,0.000000000000000000e+00,1.000000000000000000e+00,0.000000000000000000e+00
3.638755075555098983e+01,9.499292535296942219e+01,-3.168300000000000005e-01,8.220849999999998436e-01,0.000000000000000000e+00
3.638755075555098983e+01,9.851118184752384366e+01,-7.742900000000000338e-01,4.601100000000000190e-01,0.000000000000000000e+00
3.638755075555098983e+01,1.020294383420782651e+02,1.226749999999999646e-01,1.065200000000000452e-01,0.000000000000000000e+00
3.820692829332853790e+01,1.759128247277211399e+00,0.000000000000000000e+00,1.000000000000000000e+00,0.000000000000000000e+00
3.820692829332853790e+01,5.277384741831633974e+00,4.403199999999999892e-01,3.405150000000000121e-01,0.000000000000000000e+00
3.820692829332853790e+01,8.795641236386057216e+00,8.732799999999998342e-01,-3.774299999999999877e-01,0.000000000000000000e+00
3.820692829332853790e+01,1.231389773094048046e+01,-7.475349999999999495e-01,4.271300000000000097e-01,0.000000000000000000e+00
3.820692829332853790e+01,1.583215422549490192e+01,8.569500000000002116e-01,-1.070200000000000040e-01,0.000000000000000000e+00
3.820692829332853790e+01,1.935041072004932516e+01,5.025000000000001688e-02,-2.805250000000000243e-01,0.000000000000000000e+00
3.820692829332853790e+01,2.286866721460374663e+01,0.000000000000000000e+00,1.000000000000000000e+00,0.000000000000000000e+00
3.820692829332853790e+01,2.638692370915817165e+01,0.000000000000000000e+00,1.000000000000000000e+00,0.000000000000000000e+00
3.820692829332853790e+01,2.990518020371259311e+01,0.000000000000000000e+00,1.000000000000000000e+00,0.000000000000000000e+00
3.820692829332853790e+01,3.342343669826701813e+01,0.000000000000000000e+00,1.000000000000000000e+00,0.000000000000000000e+00
3.820692829332853790e+01,3.694169319282143960e+01,9.301899999999999613e-01,-2.564500000000000113e-01,0.000000000000000000e+00
3.820692829332853790e+01,4.045994968737586106e+01,-4.535549999999999859e-01,6.720099999999999962e-01,0.000000000000000000e+00
3.820692829332853790e+01,4.397820618193028253e+01,-7.860000000000000320e-01,5.050000000000000044e-01,0.000000000000000000e+00
3.820692829332853790e+01,4.749646267648471110e+01,-7.704750000000000210e-01,3.123199999999999865e-01,0.000000000000000000e+00
3.820692829332853790e+01,5.101471917103913256e+01,9.908500000000000085e-01,-1.179200000000000248e-01,0.000000000000000000e+00
3.820692829332853790e+01,5.453297566559355403e+01,0.000000000000000000e+00,1.000000000000000000e+00,0.000000000000000000e+00
3.820692829332853790e+01,5.805123216014797549e+01,0.000000000000000000e+00,1.000000000000000000e+00,0.000000000000000000e+00
3.820692829332853790e+01,6.156948865470239696e+01,-4.995499999999999940e-01,5.191050000000000386e-01,0.000000000000000000e+00
3.820692829332853790e+01,6.508774514925681842e+01,0.000000000000000000e+00,1.000000000000000000e+00,0.000000000000000000e+00
3.820692829332853790e+01,6.860600164381123989e+01,9.693600000000001105e-01,-1.473447970000000273e-01,0.000000000000000000e+00
3.820692829332853790e+01,7.212425813836566135e+01,0.000000000000000000e+00,1.000000000000000000e+00,0.000000000000000000e+00
3.820692829332853790e+01,7.564251463292009703e+01,4.421950000000000047e-01,6.658199999999999674e-01,0.000000000000000000e+00
3.820692829332853790e+01,7.916077112747451849e+01,9.936800000000000077e-01,6.262999999999996348e-02,0.000000000000000000e+00
3.820692829332853790e+01,8.267902762202893996e+01,2.796549999999999869e-01,8.188599999999998102e-01,0.000000000000000000e+00
3.820692829332853790e+01,8.619728411658336142e+01,0.000000000000000000e+00,1.000000000000000000e+00,0.000000000000000000e+00
3.820692829332853790e+01,8.971554061113778289e+01,4.551799999999999735e-01,6.489449999999999941e-01,0.000000000000000000e+00
3.820692829332853790e+01,9.323379710569220435e+01,9.227499999999999591e-01,1.935199999999999976e-01,0.000000000000000000e+00
3.820692829332853790e+01,9.675205360024662582e+01,3.965299999999999936e-01,6.888350000000000861e-01,0.000000000000000000e+00
3.820692829332853790e+01,1.002703100948010473e+02,-8.526200000000000445e-01,-2.220600000000000074e-01,0.000000000000000000e+00
3.820692829332853790e+01,1.037885665893554688e+02,0.000000000000000000e+00,1.000000000000000000e+00,0.000000000000000000e+00
4.002630583110608598e+01,3.518256494554422797e+00,0.000000000000000000e+00,1.000000000000000000e+00,0.000000000000000000e+00
4.002630583110608598e+01,7.036512989108845595e+00,4.376749999999999807e-01,6.522250000000000547e-01,0.000000000000000000e+00
4.002630583110608598e+01,1.055476948366326795e+01,8.254599999999998605e-01,3.542100000000000248e-01,0.000000000000000000e+00
4.002630583110608598e+01,1.407302597821769119e+01,4.292699999999999849e-01,4.637569999999999748e-01,0.000000000000000000e+00
4.002630583110608598e+01,1.759128247277211443e+01,0.000000000000000000e+00,1.000000000000000000e+00,0.000000000000000000e+00
4.002630583110608598e+01,2.110953896732653590e+01,-4.234049999999999758e-01,3.414550000000000640e-01,0.000000000000000000e+00
4.002630583110608598e+01,2.462779546188096091e+01,0.000000000000000000e+00,1.000000000000000000e+00,0.000000000000000000e+00
4.002630583110608598e+01,2.814605195643538238e+01,0.000000000000000000e+00,1.000000000000000000e+00,0.000000000000000000e+00
4.002630583110608598e+01,3.166430845098980384e+01,0.000000000000000000e+00,1.000000000000000000e+00,0.000000000000000000e+00
4.002630583110608598e+01,3.518256494554422886e+01,-4.202000000000000179e-01,3.148900000000000032e-01,0.000000000000000000e+00
4.002630583110608598e+01,3.870082144009865033e+01,-8.676899999999998503e-01,-3.636400000000000188e-01,0.000000000000000000e+00
4.002630583110608598e+01,4.221907793465307179e+01,-5.950000000000121858e-04,1.579734999999999889e-01,0.000000000000000000e+00
4.002630583110608598e+01,4.573733442920749326e+01,8.093299999999999939e-01,-1.835599999999999732e-01,0.000000000000000000e+00
4.002630583110608598e+01,4.925559092376192183e+01,0.000000000000000000e+00,1.000000000000000000e+00,0.000000000000000000e+00
4.002630583110608598e+01,5.277384741831634329e+01,0.000000000000000000e+00,1.000000000000000000e+00,0.000000000000000000e+00
4.002630583110608598e+01,5.629210391287076476e+01,0.000000000000000000e+00,1.000000000000000000e+00,0.000000000000000000e+00
4.002630583110608598e+01,5.981036040742518622e+01,0.000000000000000000e+00,1.000000000000000000e+00,0.000000000000000000e+00
4.002630583110608598e+01,6.332861690197960769e+01,0.000000000000000000e+00,1.000000000000000000e+00,0.000000000000000000e+00
4.002630583110608598e+01,6.684687339653403626e+01,-7.331999999999998519e-01,6.750300000000000189e-01,0.000000000000000000e+00
4.002630583110608598e+01,7.036512989108845773e+01,7.666000000000000592e-02,9.940850000000001074e-01,0.000000000000000000e+00
4.002630583110608598e+01,7.388338638564287919e+01,4.485700000000000243e-01,8.928700000000000525e-01,0.000000000000000000e+00
4.002630583110608598e+01,7.740164288019730066e+01,0.000000000000000000e+00,1.000000000000000000e+00,0.000000000000000000e+00
4.002630583110608598e+01,8.091989937475172212e+01,0.000000000000000000e+00,1.000000000000000000e+00,0.000000000000000000e+00
4.002630583110608598e+01,8.619728411658336142e+01,0.000000000000000000e+00,1.000000000000000000e+00,0.000000000000000000e+00
4.002630583110608598e+01,8.971554061113778289e+01,-4.116100000000000314e-02,9.980949999999999545e-01,0.000000000000000000e+00
4.002630583110608598e+01,9.323379710569220435e+01,0.000000000000000000e+00,1.000000000000000000e+00,0.000000000000000000e+00
4.002630583110608598e+01,9.675205360024662582e+01,0.000000000000000000e+00,1.000000000000000000e+00,0.000000000000000000e+00
4.002630583110608598e+01,1.002703100948010473e+02,0.000000000000000000e+00,1.000000000000000000e+00,0.000000000000000000e+00
4.002630583110608598e+01,1.037885665893554688e+02,2.054050000000000042e-01,9.558550000000000102e-01,0.000000000000000000e+00
4.184568336888363405e+01,3.518256494554422797e+00,5.467899999999999983e-01,6.937400000000000233e-01,0.000000000000000000e+00
4.184568336888363405e+01,7.036512989108845595e+00,3.348099999999999965e-01,2.051449999999999940e-01,0.000000000000000000e+00
4.184568336888363405e+01,1.055476948366326795e+01,0.000000000000000000e+00,1.000000000000000000e+00,0.000000000000000000e+00
4.184568336888363405e+01,1.407302597821769119e+01,0.000000000000000000e+00,1.000000000000000000e+00,0.000000000000000000e+00
4.184568336888363405e+01,1.759128247277211443e+01,0.000000000000000000e+00,1.000000000000000000e+00,0.000000000000000000e+00
4.184568336888363405e+01,2.110953896732653590e+01,-3.628199999999999759e-01,7.773449999999998417e-01,0.000000000000000000e+00
4.184568336888363405e+01,2.462779546188096091e+01,9.469699999999999784e-01,-2.893999999999999906e-01,0.000000000000000000e+00
4.184568336888363405e+01,2.814605195643538238e+01,-3.891149999999999887e-01,6.448099999999999943e-01,1.000000000000000000e+00
4.184568336888363405e+01,3.166430845098980384e+01,-8.490100000000000424e-01,-6.910199999999999676e-02,1.000000000000000000e+00
4.184568336888363405e+01,3.518256494554422886e+01,0.000000000000000000e+00,1.000000000000000000e+00,1.000000000000000000e+00
4.184568336888363405e+01,3.870082144009865033e+01,0.000000000000000000e+00,1.000000000000000000e+00,1.000000000000000000e+00
4.184568336888363405e+01,4.221907793465307179e+01,3.383849999999999913e-01,2.518400000000000638e-01,0.000000000000000000e+00
4.184568336888363405e+01,4.573733442920749326e+01,0.000000000000000000e+00,1.000000000000000000e+00,0.000000000000000000e+00
4.184568336888363405e+01,4.925559092376192183e+01,0.000000000000000000e+00,1.000000000000000000e+00,0.000000000000000000e+00
4.184568336888363405e+01,5.277384741831634329e+01,-8.231600000000000028e-01,4.356800000000000672e-01,0.000000000000000000e+00
4.184568336888363405e+01,5.629210391287076476e+01,-8.061399999999999677e-01,4.089749999999999774e-01,0.000000000000000000e+00
4.184568336888363405e+01,5.981036040742518622e+01,-7.957199999999999829e-01,3.686200000000000032e-01,0.000000000000000000e+00
4.184568336888363405e+01,6.332861690197960769e+01,-7.541849999999999943e-01,3.637449999999999850e-01,0.000000000000000000e+00
4.184568336888363405e+01,6.684687339653403626e+01,0.000000000000000000e+00,1.000000000000000000e+00,0.000000000000000000e+00
4.184568336888363405e+01,7.036512989108845773e+01,0.000000000000000000e+00,1.000000000000000000e+00,1.000000000000000000e+00
4.184568336888363405e+01,7.388338638564287919e+01,0.000000000000000000e+00,1.000000000000000000e+00,1.000000000000000000e+00
4.184568336888363405e+01,7.740164288019730066e+01,4.532050000000000245e-01,4.019599999999999840e-01,0.000000000000000000e+00
4.184568336888363405e+01,8.091989937475172212e+01,0.000000000000000000e+00,1.000000000000000000e+00,0.000000000000000000e+00
4.184568336888363405e+01,8.443815586930614359e+01,-4.137700000000000267e-01,7.551900000000000279e-01,0.000000000000000000e+00
4.184568336888363405e+01,8.795641236386056505e+01,-7.962200000000000388e-01,4.860900000000000221e-01,0.000000000000000000e+00
4.184568336888363405e+01,9.147466885841498652e+01,5.181500000000005546e-02,1.023649999999999838e-01,0.000000000000000000e+00
4.184568336888363405e+01,9.499292535296942219e+01,-8.746099999999999985e-01,4.006000000000000671e-01,0.000000000000000000e+00
4.184568336888363405e+01,9.851118184752384366e+01,0.000000000000000000e+00,1.000000000000000000e+00,0.000000000000000000e+00
4.184568336888363405e+01,1.020294383420782651e+02,0.000000000000000000e+00,1.000000000000000000e+00,0.000000000000000000e+00
4.366506090666118212e+01,1.759128247277211399e+00,-9.441100000000000048e-01,2.207294999999999952e-01,0.000000000000000000e+00
4.366506090666118212e+01,5.277384741831633974e+00,8.080600000000000005e-01,-4.504799999999999915e-01,0.000000000000000000e+00
4.366506090666118212e+01,8.795641236386057216e+00,-2.800000000000002487e-02,-1.471474999999999866e-01,0.000000000000000000e+00
4.366506090666118212e+01,1.231389773094048046e+01,0.000000000000000000e+00,1.000000000000000000e+00,0.000000000000000000e+00
4.366506090666118212e+01,1.583215422549490192e+01,0.000000000000000000e+00,1.000000000000000000e+00,0.000000000000000000e+00
4.366506090666118212e+01,1.935041072004932516e+01,-2.163499999999995982e-02,8.680999999999999828e-01,0.000000000000000000e+00
4.366506090666118212e+01,2.286866721460374663e+01,4.707100000000000173e-01,5.457824999999999482e-01,0.000000000000000000e+00
4.366506090666118212e+01,2.638692370915817165e+01,0.000000000000000000e+00,1.000000000000000000e+00,0.000000000000000000e+00
4.366506090666118212e+01,2.990518020371259311e+01,5.024960000000000537e-01,2.961250000000000271e-01,0.000000000000000000e+00
4.366506090666118212e+01,3.342343669826701813e+01,9.259399999999999853e-01,2.126800000000000079e-01,0.000000000000000000e+00
4.366506090666118212e+01,3.694169319282143960e+01,3.766550000000000176e-01,7.357000000000000206e-01,0.000000000000000000e+00
4.366506090666118212e+01,4.045994968737586106e+01,8.362199999999998523e-01,3.656599999999999850e-01,0.000000000000000000e+00
4.366506090666118212e+01,4.397820618193028253e+01,0.000000000000000000e+00,1.000000000000000000e+00,0.000000000000000000e+00
4.366506090666118212e+01,4.749646267648471110e+01,0.000000000000000000e+00,1.000000000000000000e+00,0.000000000000000000e+00
4.366506090666118212e+01,5.101471917103913256e+01,-4.116000000000000214e-01,3.220750000000000002e-01,0.000000000000000000e+00
4.366506090666118212e+01,5.453297566559355403e+01,8.454399999999998583e-01,4.312000000000000832e-01,0.000000000000000000e+00
4.366506090666118212e+01,5.805123216014797549e+01,-3.718049999999999966e-01,5.486619999999999830e-01,0.000000000000000000e+00
4.366506090666118212e+01,6.156948865470239696e+01,0.000000000000000000e+00,1.000000000000000000e+00,0.000000000000000000e+00
4.366506090666118212e+01,6.508774514925681842e+01,0.000000000000000000e+00,1.000000000000000000e+00,0.000000000000000000e+00
4.366506090666118212e+01,6.860600164381123989e+01,0.000000000000000000e+00,1.000000000000000000e+00,0.000000000000000000e+00
4.366506090666118212e+01,7.212425813836566135e+01,0.000000000000000000e+00,1.000000000000000000e+00,0.000000000000000000e+00
4.366506090666118212e+01,7.564251463292009703e+01,0.000000000000000000e+00,1.000000000000000000e+00,0.000000000000000000e+00
4.366506090666118212e+01,7.916077112747451849e+01,0.000000000000000000e+00,1.000000000000000000e+00,0.000000000000000000e+00
4.366506090666118212e+01,8.267902762202893996e+01,8.171000000000000485e-01,4.105500000000000260e-01,0.000000000000000000e+00
4.366506090666118212e+01,8.619728411658336142e+01,-1.711000000000006960e-02,1.139300000000000451e-01,0.000000000000000000e+00
4.366506090666118212e+01,8.971554061113778289e+01,0.000000000000000000e+00,1.000000000000000000e+00,0.000000000000000000e+00
4.366506090666118212e+01,9.323379710569220435e+01,0.000000000000000000e+00,1.000000000000000000e+00,0.000000000000000000e+00
4.366506090666118212e+01,9.675205360024662582e+01,0.000000000000000000e+00,1.000000000000000000e+00,0.000000000000000000e+00
4.366506090666118212e+01,1.002703100948010473e+02,0.000000000000000000e+00,1.000000000000000000e+00,0.000000000000000000e+00
4.366506090666118212e+01,1.037885665893554688e+02,0.000000000000000000e+00,1.000000000000000000e+00,0.000000000000000000e+00
4.548443844443873729e+01,3.518256494554422797e+00,0.000000000000000000e+00,1.000000000000000000e+00,0.000000000000000000e+00
4.548443844443873729e+01,7.036512989108845595e+00,0.000000000000000000e+00,1.000000000000000000e+00,0.000000000000000000e+00
4.548443844443873729e+01,1.055476948366326795e+01,0.000000000000000000e+00,1.000000000000000000e+00,0.000000000000000000e+00
4.548443844443873729e+01,1.407302597821769119e+01,0.000000000000000000e+00,1.000000000000000000e+00,0.000000000000000000e+00
4.548443844443873729e+01,1.759128247277211443e+01,0.000000000000000000e+00,1.000000000000000000e+00,0.000000000000000000e+00
4.548443844443873729e+01,2.110953896732653590e+01,0.000000000000000000e+00,1.000000000000000000e+00,0.000000000000000000e+00
4.548443844443873729e+01,2.638692370915817165e+01,0.000000000000000000e+00,1.000000000000000000e+00,0.000000000000000000e+00
4.548443844443873729e+01,2.990518020371259311e+01,0.000000000000000000e+00,1.000000000000000000e+00,0.000000000000000000e+00
4.548443844443873729e+01,3.342343669826701813e+01,0.000000000000000000e+00,1.000000000000000000e+00,0.000000000000000000e+00
4.548443844443873729e+01,3.694169319282143960e+01,9.789000000000000479e-02,9.861450000000000493e-01,0.000000000000000000e+00
4.548443844443873729e+01,4.045994968737586106e+01,6.926600000000000534e-01,-7.198799999999999644e-01,0.000000000000000000e+00
4.548443844443873729e+01,4.397820618193028253e+01,0.000000000000000000e+00,1.000000000000000000e+00,0.000000000000000000e+00
4.548443844443873729e+01,4.749646267648471110e+01,0.000000000000000000e+00,1.000000000000000000e+00,0.000000000000000000e+00
4.548443844443873729e+01,5.101471917103913256e+01,0.000000000000000000e+00,1.000000000000000000e+00,0.000000000000000000e+00
4.548443844443873729e+01,5.453297566559355403e+01,0.000000000000000000e+00,1.000000000000000000e+00,0.000000000000000000e+00
4.548443844443873729e+01,5.805123216014797549e+01,0.000000000000000000e+00,1.000000000000000000e+00,0.000000000000000000e+00
4.548443844443873729e+01,6.156948865470239696e+01,0.000000000000000000e+00,1.000000000000000000e+00,0.000000000000000000e+00
4.548443844443873729e+01,6.508774514925681842e+01,-3.174950000000000272e-01,8.254299999999999971e-01,0.000000000000000000e+00
4.548443844443873729e+01,6.860600164381123989e+01,8.559299999999998576e-01,-3.932999999999999829e-01,0.000000000000000000e+00
4.548443844443873729e+01,7.212425813836566135e+01,7.026500000000002188e-02,1.568199999999999872e-01,0.000000000000000000e+00
4.548443844443873729e+01,7.564251463292009703e+01,-7.057600000000000540e-01,-3.469300000000000161e-01,0.000000000000000000e+00
4.548443844443873729e+01,7.916077112747451849e+01,0.000000000000000000e+00,1.000000000000000000e+00,0.000000000000000000e+00
4.548443844443873729e+01,8.267902762202893996e+01,0.000000000000000000e+00,1.000000000000000000e+00,0.000000000000000000e+00
4.548443844443873729e+01,8.619728411658336142e+01,4.089149999999999729e-01,3.216250000000000497e-01,0.000000000000000000e+00
4.548443844443873729e+01,8.971554061113778289e+01,0.000000000000000000e+00,1.000000000000000000e+00,0.000000000000000000e+00
4.548443844443873729e+01,9.323379710569220435e+01,0.000000000000000000e+00,1.000000000000000000e+00,0.000000000000000000e+00
4.548443844443873729e+01,9.675205360024662582e+01,-8.876699999999998481e-01,3.445400000000000129e-01,0.000000000000000000e+00
4.548443844443873729e+01,1.002703100948010473e+02,-8.581050000000000066e-01,3.708549999999999902e-01,0.000000000000000000e+00
4.548443844443873729e+01,1.037885665893554688e+02,-6.856200000000000072e-01,5.076199999999999601e-01,0.000000000000000000e+00
4.730381598221628536e+01,3.518256494554422797e+00,-3.107349999999999834e-01,7.873250000000000526e-01,0.000000000000000000e+00
4.730381598221628536e+01,7.036512989108845595e+00,0.000000000000000000e+00,1.000000000000000000e+00,0.000000000000000000e+00
4.730381598221628536e+01,1.055476948366326795e+01,4.518400000000000194e-01,3.376850000000000129e-01,0.000000000000000000e+00
4.730381598221628536e+01,1.407302597821769119e+01,-8.039199999999998569e-01,4.771799999999999375e-01,0.000000000000000000e+00
4.730381598221628536e+01,1.759128247277211443e+01,-7.959450000000000136e-01,3.747099999999999875e-01,0.000000000000000000e+00
4.730381598221628536e+01,2.110953896732653590e+01,-8.602400000000000047e-01,4.517900000000000249e-01,0.000000000000000000e+00
4.730381598221628536e+01,2.462779546188096091e+01,1.537320000000000075e-01,-6.697999999999999510e-01,0.000000000000000000e+00
4.730381598221628536e+01,2.814605195643538238e+01,-5.643100000000000199e-02,3.608399999999999941e-01,0.000000000000000000e+00
4.730381598221628536e+01,3.166430845098980384e+01,0.000000000000000000e+00,1.000000000000000000e+00,0.000000000000000000e+00
4.730381598221628536e+01,3.518256494554422886e+01,0.000000000000000000e+00,1.000000000000000000e+00,0.000000000000000000e+00
4.730381598221628536e+01,3.870082144009865033e+01,-4.723800000000000221e-01,6.145549999999999624e-01,0.000000000000000000e+00
4.730381598221628536e+01,4.221907793465307179e+01,9.213000000000000078e-01,-3.768500000000000738e-01,0.000000000000000000e+00
4.730381598221628536e+01,4.573733442920749326e+01,-4.899749999999999939e-01,5.905750000000000721e-01,0.000000000000000000e+00
4.730381598221628536e+01,4.925559092376192183e+01,8.892700000000000049e-01,-3.502300000000000413e-01,0.000000000000000000e+00
4.730381598221628536e+01,5.277384741831634329e+01,-4.771650000000000058e-01,4.282650000000000068e-01,0.000000000000000000e+00
4.730381598221628536e+01,5.629210391287076476e+01,0.000000000000000000e+00,1.000000000000000000e+00,0.000000000000000000e+00
4.730381598221628536e+01,5.981036040742518622e+01,3.397449999999999776e-02,5.781250000000000000e-01,0.000000000000000000e+00
4.730381598221628536e+01,6.332861690197960769e+01,0.000000000000000000e+00,1.000000000000000000e+00,0.000000000000000000e+00
4.730381598221628536e+01,6.684687339653403626e+01,4.627000000000000002e-01,5.945849999999999191e-01,0.000000000000000000e+00
4.730381598221628536e+01,7.036512989108845773e+01,7.977800000000000447e-01,3.334300000000000042e-01,0.000000000000000000e+00
4.730381598221628536e+01,7.388338638564287919e+01,2.835400000000000142e-01,7.634999999999999565e-01,0.000000000000000000e+00
4.730381598221628536e+01,7.740164288019730066e+01,0.000000000000000000e+00,1.000000000000000000e+00,0.000000000000000000e+00
4.730381598221628536e+01,8.091989937475172212e+01,4.178749999999999964e-01,6.754250000000000531e-01,0.000000000000000000e+00
4.730381598221628536e+01,8.443815586930614359e+01,0.000000000000000000e+00,1.000000000000000000e+00,0.000000000000000000e+00
4.730381598221628536e+01,8.795641236386056505e+01,0.000000000000000000e+00,1.000000000000000000e+00,0.000000000000000000e+00
4.730381598221628536e+01,9.147466885841498652e+01,0.000000000000000000e+00,1.000000000000000000e+00,0.000000000000000000e+00
4.730381598221628536e+01,9.499292535296942219e+01,-4.404399999999999982e-01,3.480550000000000033e-01,0.000000000000000000e+00
4.730381598221628536e+01,9.851118184752384366e+01,-8.687700000000000422e-01,-2.833399999999999808e-01,0.000000000000000000e+00
4.730381598221628536e+01,1.020294383420782651e+02,2.087249999999999939e-01,-2.889154999999999918e-01,0.000000000000000000e+00
4.912319351999383343e+01,1.759128247277211399e+00,0.000000000000000000e+00,1.000000000000000000e+00,0.000000000000000000e+00
4.912319351999383343e+01,5.277384741831633974e+00,4.591100000000000181e-01,6.289000000000000146e-01,0.000000000000000000e+00
4.912319351999383343e+01,8.795641236386057216e+00,-8.962999999999999856e-01,-3.305000000000000160e-01,0.000000000000000000e+00
4.912319351999383343e+01,1.231389773094048046e+01,2.904950000000000032e-01,8.480799999999998340e-01,0.000000000000000000e+00
4.912319351999383343e+01,1.583215422549490192e+01,-7.630400000000000515e-01,3.757300000000000084e-01,0.000000000000000000e+00
4.912319351999383343e+01,1.935041072004932516e+01,0.000000000000000000e+00,1.000000000000000000e+00,0.000000000000000000e+00
4.912319351999383343e+01,2.286866721460374663e+01,0.000000000000000000e+00,1.000000000000000000e+00,0.000000000000000000e+00
4.912319351999383343e+01,2.638692370915817165e+01,0.000000000000000000e+00,1.000000000000000000e+00,0.000000000000000000e+00
4.912319351999383343e+01,2.990518020371259311e+01,0.000000000000000000e+00,1.000000000000000000e+00,0.000000000000000000e+00
4.912319351999383343e+01,3.342343669826701813e+01,0.000000000000000000e+00,1.000000000000000000e+00,0.000000000000000000e+00
4.912319351999383343e+01,3.694169319282143960e+01,-8.484199999999998409e-01,5.128899999999999570e-01,0.000000000000000000e+00
4.912319351999383343e+01,4.045994968737586106e+01,-4.441100000000000048e-01,4.024499999999999744e-01,0.000000000000000000e+00
4.912319351999383343e+01,4.397820618193028253e+01,7.969699999999998452e-01,5.375299999999999523e-01,0.000000000000000000e+00
4.912319351999383343e+01,4.749646267648471110e+01,-2.922049999999999925e-01,9.750499999999996670e-02,0.000000000000000000e+00
4.912319351999383343e+01,5.101471917103913256e+01,0.000000000000000000e+00,1.000000000000000000e+00,0.000000000000000000e+00
4.912319351999383343e+01,5.453297566559355403e+01,0.000000000000000000e+00,1.000000000000000000e+00,0.000000000000000000e+00
4.912319351999383343e+01,5.805123216014797549e+01,0.000000000000000000e+00,1.000000000000000000e+00,0.000000000000000000e+00
4.912319351999383343e+01,6.156948865470239696e+01,2.542849999999999833e-01,9.236799999999999455e-01,0.000000000000000000e+00
4.912319351999383343e+01,6.508774514925681842e+01,0.000000000000000000e+00,1.000000000000000000e+00,0.000000000000000000e+00
4.912319351999383343e+01,7.036512989108845773e+01,0.000000000000000000e+00,1.000000000000000000e+00,0.000000000000000000e+00
4.912319351999383343e+01,7.388338638564287919e+01,0.000000000000000000e+00,1.000000000000000000e+00,0.000000000000000000e+00
4.912319351999383343e+01,7.740164288019730066e+01,0.000000000000000000e+00,1.000000000000000000e+00,0.000000000000000000e+00
4.912319351999383343e+01,8.091989937475172212e+01,-9.211999999999999356e-02,9.578149999999999720e-01,0.000000000000000000e+00
4.912319351999383343e+01,8.443815586930614359e+01,-5.738300000000000345e-02,9.963800000000000434e-01,0.000000000000000000e+00
4.912319351999383343e+01,8.795641236386056505e+01,0.000000000000000000e+00,1.000000000000000000e+00,0.000000000000000000e+00
4.912319351999383343e+01,9.147466885841498652e+01,0.000000000000000000e+00,1.000000000000000000e+00,0.000000000000000000e+00
4.912319351999383343e+01,9.499292535296942219e+01,-4.296550000000000091e-01,5.535600000000000520e-01,0.000000000000000000e+00
4.912319351999383343e+01,9.851118184752384366e+01,0.000000000000000000e+00,1.000000000000000000e+00,0.000000000000000000e+00
4.912319351999383343e+01,1.020294383420782651e+02,0.000000000000000000e+00,1.000000000000000000e+00,0.000000000000000000e+00
5.094257105777138150e+01,1.759128247277211399e+00,-8.667200000000000459e-01,-2.329799999999999927e-01,0.000000000000000000e+00
5.094257105777138150e+01,5.277384741831633974e+00,3.608399999999999941e-01,2.749800000000000022e-01,0.000000000000000000e+00
5.094257105777138150e+01,8.795641236386057216e+00,0.000000000000000000e+00,1.000000000000000000e+00,0.000000000000000000e+00
5.094257105777138150e+01,1.231389773094048046e+01,-3.398849999999999927e-01,7.470449999999998481e-01,0.000000000000000000e+00
5.094257105777138150e+01,1.583215422549490192e+01,0.000000000000000000e+00,1.000000000000000000e+00,0.000000000000000000e+00
5.094257105777138150e+01,1.935041072004932516e+01,0.000000000000000000e+00,1.000000000000000000e+00,0.000000000000000000e+00
5.094257105777138150e+01,2.286866721460374663e+01,0.000000000000000000e+00,1.000000000000000000e+00,0.000000000000000000e+00
5.094257105777138150e+01,2.638692370915817165e+01,3.262749999999999817e-01,2.015299999999999869e-01,1.000000000000000000e+00
5.094257105777138150e+01,2.990518020371259311e+01,8.370800000000000463e-01,-2.953299999999999814e-01,1.000000000000000000e+00
5.094257105777138150e+01,3.342343669826701813e+01,7.832749999999998325e-01,-3.276499999999999968e-01,1.000000000000000000e+00
5.094257105777138150e+01,3.694169319282143960e+01,-8.341199999999998616e-01,-3.555799999999997851e-02,1.000000000000000000e+00
5.094257105777138150e+01,4.045994968737586106e+01,0.000000000000000000e+00,1.000000000000000000e+00,0.000000000000000000e+00
5.094257105777138150e+01,4.397820618193028253e+01,0.000000000000000000e+00,1.000000000000000000e+00,0.000000000000000000e+00
5.094257105777138150e+01,4.749646267648471110e+01,0.000000000000000000e+00,1.000000000000000000e+00,0.000000000000000000e+00
5.094257105777138150e+01,5.101471917103913256e+01,0.000000000000000000e+00,1.000000000000000000e+00,0.000000000000000000e+00
5.094257105777138150e+01,5.453297566559355403e+01,0.000000000000000000e+00,1.000000000000000000e+00,0.000000000000000000e+00
5.094257105777138150e+01,5.805123216014797549e+01,-8.020800000000000152e-01,4.652299999999999769e-01,0.000000000000000000e+00
5.094257105777138150e+01,6.156948865470239696e+01,-8.564899999999998625e-01,3.500849999999999795e-01,0.000000000000000000e+00
5.094257105777138150e+01,6.508774514925681842e+01,7.694800000000000528e-01,-4.750300000000000633e-01,1.000000000000000000e+00
5.094257105777138150e+01,6.860600164381123989e+01,4.895249999999999879e-01,5.188269999999999271e-01,1.000000000000000000e+00
5.094257105777138150e+01,7.212425813836566135e+01,-1.074100000000000055e-01,8.747899999999998455e-01,1.000000000000000000e+00
5.094257105777138150e+01,7.564251463292009703e+01,0.000000000000000000e+00,1.000000000000000000e+00,0.000000000000000000e+00
5.094257105777138150e+01,7.916077112747451849e+01,0.000000000000000000e+00,1.000000000000000000e+00,0.000000000000000000e+00
5.094257105777138150e+01,8.267902762202893996e+01,4.822899999999999965e-01,4.462050000000000183e-01,0.000000000000000000e+00
5.094257105777138150e+01,8.619728411658336142e+01,0.000000000000000000e+00,1.000000000000000000e+00,0.000000000000000000e+00
5.094257105777138150e+01,8.971554061113778289e+01,3.494249999999999856e-01,8.000950000000000006e-01,0.000000000000000000e+00
5.094257105777138150e+01,9.323379710569220435e+01,-3.497199999999999753e-01,6.965400000000000480e-01,0.000000000000000000e+00
5.094257105777138150e+01,9.675205360024662582e+01,4.356249999999999845e-01,6.384799999999999365e-01,0.000000000000000000e+00
5.094257105777138150e+01,1.002703100948010473e+02,9.962600000000000344e-01,1.699300000000003585e-02,0.000000000000000000e+00
5.094257105777138150e+01,1.037885665893554688e+02,-6.337500000000000251e-03,7.790000000000008029e-02,0.000000000000000000e+00
5.276194859554892957e+01,3.518256494554422797e+00,9.881799999999999473e-01,1.737699999999997580e-02,0.000000000000000000e+00
5.276194859554892957e+01,7.036512989108845595e+00,4.334999999999999964e-01,6.611200000000000410e-01,0.000000000000000000e+00
5.276194859554892957e+01,1.055476948366326795e+01,8.619200000000000195e-01,3.304400000000000670e-01,0.000000000000000000e+00
5.276194859554892957e+01,1.407302597821769119e+01,-3.116050000000000209e-01,1.164650000000000407e-01,0.000000000000000000e+00
5.276194859554892957e+01,1.759128247277211443e+01,0.000000000000000000e+00,1.000000000000000000e+00,0.000000000000000000e+00
5.276194859554892957e+01,2.110953896732653590e+01,4.486399999999999832e-01,6.603650000000000908e-01,0.000000000000000000e+00
5.276194859554892957e+01,2.462779546188096091e+01,8.800000000000000044e-01,2.454199999999999993e-01,0.000000000000000000e+00
5.276194859554892957e+01,2.814605195643538238e+01,4.423650000000000082e-01,5.968599999999999461e-01,0.000000000000000000e+00
5.276194859554892957e+01,3.166430845098980384e+01,0.000000000000000000e+00,1.000000000000000000e+00,0.000000000000000000e+00
5.276194859554892957e+01,3.518256494554422886e+01,4.718649999999999789e-01,5.855749999999999567e-01,0.000000000000000000e+00
5.276194859554892957e+01,3.870082144009865033e+01,0.000000000000000000e+00,1.000000000000000000e+00,0.000000000000000000e+00
5.276194859554892957e+01,4.221907793465307179e+01,-3.467700000000000227e-01,2.561750000000000416e-01,0.000000000000000000e+00
5.276194859554892957e+01,4.573733442920749326e+01,0.000000000000000000e+00,1.000000000000000000e+00,0.000000000000000000e+00
5.276194859554892957e+01,4.925559092376192183e+01,4.912400000000000100e-01,5.716400000000000370e-01,0.000000000000000000e+00
5.276194859554892957e+01,5.277384741831634329e+01,8.739700000000000246e-01,3.164100000000000801e-01,0.000000000000000000e+00
5.276194859554892957e+01,5.629210391287076476e+01,-7.255350000000000410e-01,-3.796100000000000030e-01,0.000000000000000000e+00
5.276194859554892957e+01,5.981036040742518622e+01,-8.144099999999998563e-01,2.808699999999997310e-02,0.000000000000000000e+00
5.276194859554892957e+01,6.332861690197960769e+01,0.000000000000000000e+00,1.000000000000000000e+00,0.000000000000000000e+00
5.276194859554892957e+01,6.684687339653403626e+01,0.000000000000000000e+00,1.000000000000000000e+00,0.000000000000000000e+00
5.276194859554892957e+01,7.036512989108845773e+01,0.000000000000000000e+00,1.000000000000000000e+00,0.000000000000000000e+00
5.276194859554892957e+01,7.388338638564287919e+01,0.000000000000000000e+00,1.000000000000000000e+00,0.000000000000000000e+00
5.276194859554892957e+01,7.740164288019730066e+01,0.000000000000000000e+00,1.000000000000000000e+00,0.000000000000000000e+00
5.276194859554892957e+01,8.091989937475172212e+01,0.000000000000000000e+00,1.000000000000000000e+00,0.000000000000000000e+00
5.276194859554892957e+01,8.443815586930614359e+01,1.686050000000000049e-01,9.659849999999999826e-01,0.000000000000000000e+00
5.276194859554892957e+01,8.795641236386056505e+01,0.000000000000000000e+00,1.000000000000000000e+00,0.000000000000000000e+00
5.276194859554892957e+01,9.147466885841498652e+01,-4.896099999999999897e-01,5.619799999999999240e-01,0.000000000000000000e+00
5.276194859554892957e+01,9.499292535296942219e+01,0.000000000000000000e+00,1.000000000000000000e+00,0.000000000000000000e+00
5.276194859554892957e+01,9.851118184752384366e+01,0.000000000000000000e+00,1.000000000000000000e+00,0.000000000000000000e+00
5.276194859554892957e+01,1.020294383420782651e+02,0.000000000000000000e+00,1.000000000000000000e+00,0.000000000000000000e+00
5.458132613332648475e+01,1.759128247277211399e+00,-3.608250000000000346e-02,9.949799999999999756e-01,0.000000000000000000e+00
5.458132613332648475e+01,5.277384741831633974e+00,-7.483600000000000252e-01,6.589000000000000412e-01,0.000000000000000000e+00
5.458132613332648475e+01,1.055476948366326795e+01,0.000000000000000000e+00,1.000000000000000000e+00,0.000000000000000000e+00
5.458132613332648475e+01,1.407302597821769119e+01,0.000000000000000000e+00,1.000000000000000000e+00,0.000000000000000000e+00
5.458132613332648475e+01,1.759128247277211443e+01,0.000000000000000000e+00,1.000000000000000000e+00,0.000000000000000000e+00
5.458132613332648475e+01,2.110953896732653590e+01,-1.652099999999999957e-01,9.468050000000000077e-01,0.000000000000000000e+00
5.458132613332648475e+01,2.462779546188096091e+01,0.000000000000000000e+00,1.000000000000000000e+00,0.000000000000000000e+00
5.458132613332648475e+01,2.814605195643538238e+01,0.000000000000000000e+00,1.000000000000000000e+00,0.000000000000000000e+00
5.458132613332648475e+01,3.166430845098980384e+01,0.000000000000000000e+00,1.000000000000000000e+00,0.000000000000000000e+00
5.458132613332648475e+01,3.518256494554422886e+01,-2.081649999999999889e-01,9.346499999999999808e-01,0.000000000000000000e+00
5.458132613332648475e+01,3.870082144009865033e+01,0.000000000000000000e+00,1.000000000000000000e+00,0.000000000000000000e+00
5.458132613332648475e+01,4.221907793465307179e+01,-3.781599999999999961e-01,7.237350000000000172e-01,0.000000000000000000e+00
5.458132613332648475e+01,4.573733442920749326e+01,-7.595100000000000184e-01,-2.095299999999999940e-01,0.000000000000000000e+00
5.458132613332648475e+01,4.925559092376192183e+01,0.000000000000000000e+00,1.000000000000000000e+00,0.000000000000000000e+00
5.458132613332648475e+01,5.277384741831634329e+01,0.000000000000000000e+00,1.000000000000000000e+00,0.000000000000000000e+00
5.458132613332648475e+01,5.629210391287076476e+01,3.770350000000000090e-01,2.908899999999999819e-01,0.000000000000000000e+00
5.458132613332648475e+01,5.981036040742518622e+01,0.000000000000000000e+00,1.000000000000000000e+00,0.000000000000000000e+00
5.458132613332648475e+01,6.332861690197960769e+01,0.000000000000000000e+00,1.000000000000000000e+00,0.000000000000000000e+00
5.458132613332648475e+01,6.684687339653403626e+01,0.000000000000000000e+00,1.000000000000000000e+00,0.000000000000000000e+00
5.458132613332648475e+01,7.036512989108845773e+01,-3.775049999999999795e-01,7.488399999999998391e-01,0.000000000000000000e+00
5.458132613332648475e+01,7.388338638564287919e+01,-7.434699999999998532e-01,4.975000000000000533e-01,0.000000000000000000e+00
5.458132613332648475e+01,7.740164288019730066e+01,1.274199999999999500e-01,1.045699999999999963e-01,0.000000000000000000e+00
5.458132613332648475e+01,8.091989937475172212e+01,-7.398200000000000331e-01,-3.023700000000000276e-01,0.000000000000000000e+00
5.458132613332648475e+01,8.443815586930614359e+01,0.000000000000000000e+00,1.000000000000000000e+00,0.000000000000000000e+00
5.458132613332648475e+01,8.795641236386056505e+01,0.000000000000000000e+00,1.000000000000000000e+00,0.000000000000000000e+00
5.458132613332648475e+01,9.147466885841498652e+01,-4.480899999999999883e-01,6.135800000000000143e-01,0.000000000000000000e+00
5.458132613332648475e+01,9.499292535296942219e+01,0.000000000000000000e+00,1.000000000000000000e+00,0.000000000000000000e+00
5.458132613332648475e+01,9.851118184752384366e+01,3.911299999999999777e-01,2.896199999999999886e-01,0.000000000000000000e+00
5.458132613332648475e+01,1.020294383420782651e+02,-8.803900000000000059e-01,3.691699999999999982e-01,0.000000000000000000e+00
5.640070367110403282e+01,1.759128247277211399e+00,0.000000000000000000e+00,1.000000000000000000e+00,0.000000000000000000e+00
5.640070367110403282e+01,5.277384741831633974e+00,0.000000000000000000e+00,1.000000000000000000e+00,0.000000000000000000e+00
5.640070367110403282e+01,8.795641236386057216e+00,0.000000000000000000e+00,1.000000000000000000e+00,0.000000000000000000e+00
5.640070367110403282e+01,1.231389773094048046e+01,9.300300000000000233e-01,-2.600499999999999479e-01,0.000000000000000000e+00
5.640070367110403282e+01,1.583215422549490192e+01,-4.568300000000000138e-01,6.722500000000000142e-01,0.000000000000000000e+00
5.640070367110403282e+01,1.935041072004932516e+01,-7.889599999999999946e-01,5.000599999999999490e-01,0.000000000000000000e+00
5.640070367110403282e+01,2.286866721460374663e+01,-9.127300000000000413e-01,2.277125000000000121e-01,0.000000000000000000e+00
5.640070367110403282e+01,2.638692370915817165e+01,9.949900000000000411e-01,-9.992899999999992067e-02,0.000000000000000000e+00
5.640070367110403282e+01,2.990518020371259311e+01,0.000000000000000000e+00,1.000000000000000000e+00,0.000000000000000000e+00
5.640070367110403282e+01,3.342343669826701813e+01,0.000000000000000000e+00,1.000000000000000000e+00,0.000000000000000000e+00
5.640070367110403282e+01,3.694169319282143960e+01,4.945049999999999724e-01,5.013585999999999876e-01,0.000000000000000000e+00
5.640070367110403282e+01,4.045994968737586106e+01,0.000000000000000000e+00,1.000000000000000000e+00,0.000000000000000000e+00
5.640070367110403282e+01,4.397820618193028253e+01,2.352500000000001465e-02,1.026194999999999746e-01,0.000000000000000000e+00
5.640070367110403282e+01,4.749646267648471110e+01,0.000000000000000000e+00,1.000000000000000000e+00,0.000000000000000000e+00
5.640070367110403282e+01,5.101471917103913256e+01,4.529084999999999361e-01,-4.875999999999997003e-02,0.000000000000000000e+00
5.640070367110403282e+01,5.453297566559355403e+01,8.714600000000000124e-01,3.388100000000000001e-01,0.000000000000000000e+00
5.640070367110403282e+01,5.805123216014797549e+01,2.865949999999999886e-01,8.002749999999999586e-01,0.000000000000000000e+00
5.640070367110403282e+01,6.156948865470239696e+01,0.000000000000000000e+00,1.000000000000000000e+00,0.000000000000000000e+00
5.640070367110403282e+01,6.508774514925681842e+01,4.525049999999999906e-01,6.430899999999999395e-01,0.000000000000000000e+00
5.640070367110403282e+01,6.860600164381123989e+01,9.133900000000000352e-01,2.328900000000000137e-01,0.000000000000000000e+00
5.640070367110403282e+01,7.212425813836566135e+01,3.822499999999999787e-01,7.087149999999999839e-01,0.000000000000000000e+00
5.640070367110403282e+01,7.564251463292009703e+01,-8.736300000000000177e-01,-8.573999999999998289e-02,0.000000000000000000e+00
5.640070367110403282e+01,7.916077112747451849e+01,0.000000000000000000e+00,1.000000000000000000e+00,0.000000000000000000e+00
5.640070367110403282e+01,8.267902762202893996e+01,0.000000000000000000e+00,1.000000000000000000e+00,0.000000000000000000e+00
5.640070367110403282e+01,8.619728411658336142e+01,-4.254399999999999848e-01,3.629850000000000021e-01,0.000000000000000000e+00
5.640070367110403282e+01,8.971554061113778289e+01,0.000000000000000000e+00,1.000000000000000000e+00,0.000000000000000000e+00
5.640070367110403282e+01,9.323379710569220435e+01,0.000000000000000000e+00,1.000000000000000000e+00,0.000000000000000000e+00
5.640070367110403282e+01,9.675205360024662582e+01,-8.294799999999999951e-01,-2.963599999999999568e-01,0.000000000000000000e+00
5.640070367110403282e+01,1.002703100948010473e+02,1.290499999999994429e-02,7.117000000000001103e-02,0.000000000000000000e+00
5.640070367110403282e+01,1.037885665893554688e+02,-7.516100000000000003e-01,-4.723299999999999166e-01,0.000000000000000000e+00
5.822008120888158089e+01,3.518256494554422797e+00,0.000000000000000000e+00,1.000000000000000000e+00,0.000000000000000000e+00
5.822008120888158089e+01,7.036512989108845595e+00,0.000000000000000000e+00,1.000000000000000000e+00,0.000000000000000000e+00
5.822008120888158089e+01,1.055476948366326795e+01,3.940400000000000014e-01,7.178549999999999098e-01,0.000000000000000000e+00
5.822008120888158089e+01,1.407302597821769119e+01,-8.568999999999999950e-01,-3.723099999999999188e-01,0.000000000000000000e+00
5.822008120888158089e+01,1.759128247277211443e+01,4.176799999999999957e-01,5.272339999999999804e-01,0.000000000000000000e+00
5.822008120888158089e+01,2.110953896732653590e+01,0.000000000000000000e+00,1.000000000000000000e+00,0.000000000000000000e+00
5.822008120888158089e+01,2.462779546188096091e+01,0.000000000000000000e+00,1.000000000000000000e+00,0.000000000000000000e+00
5.822008120888158089e+01,2.814605195643538238e+01,0.000000000000000000e+00,1.000000000000000000e+00,0.000000000000000000e+00
5.822008120888158089e+01,3.166430845098980384e+01,0.000000000000000000e+00,1.000000000000000000e+00,0.000000000000000000e+00
5.822008120888158089e+01,3.518256494554422886e+01,0.000000000000000000e+00,1.000000000000000000e+00,0.000000000000000000e+00
5.822008120888158089e+01,3.870082144009865033e+01,0.000000000000000000e+00,1.000000000000000000e+00,0.000000000000000000e+00
5.822008120888158089e+01,4.221907793465307179e+01,-8.262800000000000145e-01,5.624799999999999800e-01,0.000000000000000000e+00
5.822008120888158089e+01,4.573733442920749326e+01,9.853000000000000647e-02,9.901600000000000401e-01,0.000000000000000000e+00
5.822008120888158089e+01,4.925559092376192183e+01,0.000000000000000000e+00,1.000000000000000000e+00,0.000000000000000000e+00
5.822008120888158089e+01,5.453297566559355403e+01,-3.121700000000000030e-01,9.491100000000000092e-01,0.000000000000000000e+00
5.822008120888158089e+01,5.805123216014797549e+01,-1.599550000000000138e-01,9.610050000000001091e-01,0.000000000000000000e+00
5.822008120888158089e+01,6.156948865470239696e+01,0.000000000000000000e+00,1.000000000000000000e+00,0.000000000000000000e+00
5.822008120888158089e+01,6.508774514925681842e+01,-8.163499999999999923e-02,9.776800000000001045e-01,0.000000000000000000e+00
5.822008120888158089e+01,6.860600164381123989e+01,0.000000000000000000e+00,1.000000000000000000e+00,0.000000000000000000e+00
5.822008120888158089e+01,7.212425813836566135e+01,0.000000000000000000e+00,1.000000000000000000e+00,0.000000000000000000e+00
5.822008120888158089e+01,7.564251463292009703e+01,0.000000000000000000e+00,1.000000000000000000e+00,0.000000000000000000e+00
5.822008120888158089e+01,7.916077112747451849e+01,3.382950000000000124e-01,8.623750000000000027e-01,0.000000000000000000e+00
5.822008120888158089e+01,8.267902762202893996e+01,-5.399199999999999555e-01,7.375800000000000134e-01,0.000000000000000000e+00
5.822008120888158089e+01,8.619728411658336142e+01,3.619100000000000095e-01,2.422600000000000309e-01,0.000000000000000000e+00
5.822008120888158089e+01,8.971554061113778289e+01,-8.140899999999999803e-01,2.339900000000000313e-01,0.000000000000000000e+00
5.822008120888158089e+01,9.323379710569220435e+01,0.000000000000000000e+00,1.000000000000000000e+00,0.000000000000000000e+00
5.822008120888158089e+01,9.675205360024662582e+01,0.000000000000000000e+00,1.000000000000000000e+00,0.000000000000000000e+00
5.822008120888158089e+01,1.002703100948010473e+02,0.000000000000000000e+00,1.000000000000000000e+00,0.000000000000000000e+00
5.822008120888158089e+01,1.037885665893554688e+02,0.000000000000000000e+00,1.000000000000000000e+00,0.000000000000000000e+00
6.003945874665912896e+01,3.518256494554422797e+00,-8.006349999999999856e-01,2.692350000000000021e-01,0.000000000000000000e+00
6.003945874665912896e+01,7.036512989108845595e+00,-8.383800000000000141e-01,-5.739699999999992031e-02,0.000000000000000000e+00
6.003945874665912896e+01,1.055476948366326795e+01,0.000000000000000000e+00,1.000000000000000000e+00,0.000000000000000000e+00
6.003945874665912896e+01,1.407302597821769119e+01,0.000000000000000000e+00,1.000000000000000000e+00,0.000000000000000000e+00
6.003945874665912896e+01,1.759128247277211443e+01,-3.453049999999999731e-01,7.472149999999998515e-01,0.000000000000000000e+00
6.003945874665912896e+01,2.110953896732653590e+01,0.000000000000000000e+00,1.000000000000000000e+00,1.000000000000000000e+00
6.003945874665912896e+01,2.462779546188096091e+01,0.000000000000000000e+00,1.000000000000000000e+00,1.000000000000000000e+00
6.003945874665912896e+01,2.814605195643538238e+01,-8.223099999999999854e-01,4.359100000000000197e-01,1.000000000000000000e+00
6.003945874665912896e+01,3.166430845098980384e+01,-8.300799999999998180e-01,3.721749999999999781e-01,1.000000000000000000e+00
6.003945874665912896e+01,3.518256494554422886e+01,-7.699899999999998412e-01,4.425999999999999934e-01,1.000000000000000000e+00
6.003945874665912896e+01,3.870082144009865033e+01,-7.654149999999998455e-01,3.619850000000000012e-01,0.000000000000000000e+00
6.003945874665912896e+01,4.221907793465307179e+01,0.000000000000000000e+00,1.000000000000000000e+00,0.000000000000000000e+00
6.003945874665912896e+01,4.573733442920749326e+01,-5.728500000000000258e-02,2.647850000000000481e-01,0.000000000000000000e+00
6.003945874665912896e+01,4.925559092376192183e+01,-5.906599999999995187e-02,-9.960499999999998799e-01,0.000000000000000000e+00
6.003945874665912896e+01,5.277384741831634329e+01,-4.555750000000000077e-01,5.951750000000000096e-01,0.000000000000000000e+00
6.003945874665912896e+01,5.629210391287076476e+01,0.000000000000000000e+00,1.000000000000000000e+00,0.000000000000000000e+00
6.003945874665912896e+01,5.981036040742518622e+01,3.893150000000000222e-01,2.015000000000000124e-01,1.000000000000000000e+00
6.003945874665912896e+01,6.332861690197960769e+01,-8.229999999999998428e-01,4.663200000000000678e-01,1.000000000000000000e+00
6.003945874665912896e+01,6.684687339653403626e+01,4.971650000000000236e-01,4.469750000000000112e-01,1.000000000000000000e+00
6.003945874665912896e+01,7.036512989108845773e+01,-9.281899999999999595e-01,3.105800000000000782e-01,0.000000000000000000e+00
6.003945874665912896e+01,7.388338638564287919e+01,0.000000000000000000e+00,1.000000000000000000e+00,0.000000000000000000e+00
6.003945874665912896e+01,7.740164288019730066e+01,0.000000000000000000e+00,1.000000000000000000e+00,0.000000000000000000e+00
6.003945874665912896e+01,8.091989937475172212e+01,6.023049999999999793e-01,5.079479999999999551e-01,0.000000000000000000e+00
6.003945874665912896e+01,8.443815586930614359e+01,9.677500000000001101e-01,6.171800000000005060e-02,0.000000000000000000e+00
6.003945874665912896e+01,8.795641236386056505e+01,4.912699999999999845e-01,5.244149999999999645e-01,0.000000000000000000e+00
6.003945874665912896e+01,9.147466885841498652e+01,0.000000000000000000e+00,1.000000000000000000e+00,0.000000000000000000e+00
6.003945874665912896e+01,9.499292535296942219e+01,4.647649999999999837e-01,5.990349999999999842e-01,0.000000000000000000e+00
6.003945874665912896e+01,9.851118184752384366e+01,0.000000000000000000e+00,1.000000000000000000e+00,0.000000000000000000e+00
6.003945874665912896e+01,1.020294383420782651e+02,3.909949999999999815e-01,7.060750000000000082e-01,0.000000000000000000e+00
6.185883628443667703e+01,1.759128247277211399e+00,0.000000000000000000e+00,1.000000000000000000e+00,0.000000000000000000e+00
6.185883628443667703e+01,5.277384741831633974e+00,4.786850000000000271e-01,5.562899999999999512e-01,0.000000000000000000e+00
6.185883628443667703e+01,8.795641236386057216e+00,0.000000000000000000e+00,1.000000000000000000e+00,0.000000000000000000e+00
6.185883628443667703e+01,1.231389773094048046e+01,3.464450000000000029e-01,7.635950000000000237e-01,0.000000000000000000e+00
6.185883628443667703e+01,1.583215422549490192e+01,8.293800000000000061e-01,3.684700000000000752e-01,0.000000000000000000e+00
6.185883628443667703e+01,1.935041072004932516e+01,0.000000000000000000e+00,1.000000000000000000e+00,0.000000000000000000e+00
6.185883628443667703e+01,2.286866721460374663e+01,0.000000000000000000e+00,1.000000000000000000e+00,0.000000000000000000e+00
6.185883628443667703e+01,2.638692370915817165e+01,-3.995650000000000035e-01,3.291649999999999854e-01,0.000000000000000000e+00
6.185883628443667703e+01,2.990518020371259311e+01,-8.489900000000000224e-01,-3.579700000000000104e-01,0.000000000000000000e+00
6.185883628443667703e+01,3.342343669826701813e+01,3.915399999999999991e-01,5.249034999999999673e-01,0.000000000000000000e+00
6.185883628443667703e+01,3.694169319282143960e+01,0.000000000000000000e+00,1.000000000000000000e+00,0.000000000000000000e+00
6.185883628443667703e+01,4.045994968737586106e+01,0.000000000000000000e+00,1.000000000000000000e+00,0.000000000000000000e+00
6.185883628443667703e+01,4.397820618193028253e+01,0.000000000000000000e+00,1.000000000000000000e+00,0.000000000000000000e+00
6.185883628443667703e+01,4.749646267648471110e+01,0.000000000000000000e+00,1.000000000000000000e+00,0.000000000000000000e+00
6.185883628443667703e+01,5.101471917103913256e+01,0.000000000000000000e+00,1.000000000000000000e+00,0.000000000000000000e+00
6.185883628443667703e+01,5.453297566559355403e+01,0.000000000000000000e+00,1.000000000000000000e+00,0.000000000000000000e+00
6.185883628443667703e+01,5.805123216014797549e+01,-8.348700000000000010e-01,-4.039299999999999002e-01,0.000000000000000000e+00
6.185883628443667703e+01,6.156948865470239696e+01,2.782499999999999973e-01,9.027250000000001107e-01,0.000000000000000000e+00
6.185883628443667703e+01,6.508774514925681842e+01,0.000000000000000000e+00,1.000000000000000000e+00,0.000000000000000000e+00
6.185883628443667703e+01,6.860600164381123989e+01,0.000000000000000000e+00,1.000000000000000000e+00,0.000000000000000000e+00
6.185883628443667703e+01,7.212425813836566135e+01,0.000000000000000000e+00,1.000000000000000000e+00,0.000000000000000000e+00
6.185883628443667703e+01,7.564251463292009703e+01,0.000000000000000000e+00,1.000000000000000000e+00,0.000000000000000000e+00
6.185883628443667703e+01,7.916077112747451849e+01,0.000000000000000000e+00,1.000000000000000000e+00,0.000000000000000000e+00
6.185883628443667703e+01,8.267902762202893996e+01,0.000000000000000000e+00,1.000000000000000000e+00,0.000000000000000000e+00
6.185883628443667703e+01,8.619728411658336142e+01,0.000000000000000000e+00,1.000000000000000000e+00,0.000000000000000000e+00
6.185883628443667703e+01,8.971554061113778289e+01,0.000000000000000000e+00,1.000000000000000000e+00,0.000000000000000000e+00
6.185883628443667703e+01,9.323379710569220435e+01,0.000000000000000000e+00,1.000000000000000000e+00,0.000000000000000000e+00
6.185883628443667703e+01,9.851118184752384366e+01,6.485899999999999999e-02,9.954499999999999460e-01,0.000000000000000000e+00
6.185883628443667703e+01,1.020294383420782651e+02,1.274599999999999900e-01,9.730250000000000288e-01,0.000000000000000000e+00
6.367821382221423221e+01,1.759128247277211399e+00,0.000000000000000000e+00,1.000000000000000000e+00,0.000000000000000000e+00
6.367821382221423221e+01,5.277384741831633974e+00,0.000000000000000000e+00,1.000000000000000000e+00,0.000000000000000000e+00
6.367821382221423221e+01,8.795641236386057216e+00,0.000000000000000000e+00,1.000000000000000000e+00,0.000000000000000000e+00
6.367821382221423221e+01,1.231389773094048046e+01,1.234750000000000014e-01,9.805700000000000527e-01,0.000000000000000000e+00
6.367821382221423221e+01,1.583215422549490192e+01,7.314300000000000246e-01,-6.668199999999999683e-01,0.000000000000000000e+00
6.367821382221423221e+01,1.935041072004932516e+01,0.000000000000000000e+00,1.000000000000000000e+00,0.000000000000000000e+00
6.367821382221423221e+01,2.286866721460374663e+01,0.000000000000000000e+00,1.000000000000000000e+00,0.000000000000000000e+00
6.367821382221423221e+01,2.638692370915817165e+01,0.000000000000000000e+00,1.000000000000000000e+00,0.000000000000000000e+00
6.367821382221423221e+01,2.990518020371259311e+01,0.000000000000000000e+00,1.000000000000000000e+00,0.000000000000000000e+00
6.367821382221423221e+01,3.342343669826701813e+01,0.000000000000000000e+00,1.000000000000000000e+00,0.000000000000000000e+00
6.367821382221423221e+01,3.694169319282143960e+01,0.000000000000000000e+00,1.000000000000000000e+00,0.000000000000000000e+00
6.367821382221423221e+01,4.045994968737586106e+01,3.169049999999999923e-01,2.087849999999999984e-01,0.000000000000000000e+00
6.367821382221423221e+01,4.397820618193028253e+01,-8.376400000000000512e-01,4.011400000000001076e-01,0.000000000000000000e+00
6.367821382221423221e+01,4.749646267648471110e+01,-7.699249999999998595e-01,3.718400000000000039e-01,0.000000000000000000e+00
6.367821382221423221e+01,5.101471917103913256e+01,-7.294300000000000228e-01,-3.515699999999999381e-01,0.000000000000000000e+00
6.367821382221423221e+01,5.453297566559355403e+01,0.000000000000000000e+00,1.000000000000000000e+00,0.000000000000000000e+00
6.367821382221423221e+01,5.805123216014797549e+01,0.000000000000000000e+00,1.000000000000000000e+00,0.000000000000000000e+00
6.367821382221423221e+01,6.156948865470239696e+01,-4.223000000000000087e-01,6.602850000000000108e-01,0.000000000000000000e+00
6.367821382221423221e+01,6.508774514925681842e+01,0.000000000000000000e+00,1.000000000000000000e+00,0.000000000000000000e+00
6.367821382221423221e+01,6.860600164381123989e+01,0.000000000000000000e+00,1.000000000000000000e+00,0.000000000000000000e+00
6.367821382221423221e+01,7.212425813836566135e+01,-8.985100000000000309e-01,3.364199999999999413e-01,0.000000000000000000e+00
6.367821382221423221e+01,7.564251463292009703e+01,-1.832999999999996091e-02,7.164999999999976943e-03,0.000000000000000000e+00
6.367821382221423221e+01,7.916077112747451849e+01,-7.587800000000000100e-01,5.043400000000000105e-01,0.000000000000000000e+00
6.367821382221423221e+01,8.267902762202893996e+01,7.660500000000000087e-01,-3.789649999999999963e-01,0.000000000000000000e+00
6.367821382221423221e+01,8.619728411658336142e+01,-5.550599999999999978e-01,8.170800000000000285e-01,0.000000000000000000e+00
6.367821382221423221e+01,8.971554061113778289e+01,0.000000000000000000e+00,1.000000000000000000e+00,0.000000000000000000e+00
6.367821382221423221e+01,9.323379710569220435e+01,1.229900000000000437e-01,9.100399999999999601e-01,0.000000000000000000e+00
6.367821382221423221e+01,9.675205360024662582e+01,-4.554900000000000060e-01,5.750949999999999118e-01,0.000000000000000000e+00
6.367821382221423221e+01,1.002703100948010473e+02,0.000000000000000000e+00,1.000000000000000000e+00,0.000000000000000000e+00
6.367821382221423221e+01,1.037885665893554688e+02,-2.927000000000000157e-01,5.135800000000000365e-01,0.000000000000000000e+00
6.549759135999177317e+01,3.518256494554422797e+00,3.227900000000000214e-01,-6.433699999999999974e-01,0.000000000000000000e+00
6.549759135999177317e+01,7.036512989108845595e+00,0.000000000000000000e+00,1.000000000000000000e+00,0.000000000000000000e+00
6.549759135999177317e+01,1.055476948366326795e+01,0.000000000000000000e+00,1.000000000000000000e+00,0.000000000000000000e+00
6.549759135999177317e+01,1.407302597821769119e+01,4.893399999999999972e-01,4.194100000000000050e-01,0.000000000000000000e+00
6.549759135999177317e+01,1.759128247277211443e+01,0.000000000000000000e+00,1.000000000000000000e+00,0.000000000000000000e+00
6.549759135999177317e+01,2.110953896732653590e+01,4.401950000000000029e-01,7.039900000000000047e-01,0.000000000000000000e+00
6.549759135999177317e+01,2.462779546188096091e+01,9.099699999999999456e-01,-3.160400000000000986e-01,0.000000000000000000e+00
6.549759135999177317e+01,2.814605195643538238e+01,-4.424950000000000272e-01,3.715649999999999786e-01,0.000000000000000000e+00
6.549759135999177317e+01,3.166430845098980384e+01,9.675099999999999811e-01,-2.456299999999999872e-01,0.000000000000000000e+00
6.549759135999177317e+01,3.518256494554422886e+01,4.402749999999999719e-02,2.514800000000000368e-01,0.000000000000000000e+00
6.549759135999177317e+01,3.870082144009865033e+01,0.000000000000000000e+00,1.000000000000000000e+00,0.000000000000000000e+00
6.549759135999177317e+01,4.221907793465307179e+01,4.435450000000000226e-01,6.312249999999999250e-01,0.000000000000000000e+00
6.549759135999177317e+01,4.573733442920749326e+01,-7.119499999999999718e-01,-4.743499999999999384e-01,0.000000000000000000e+00
6.549759135999177317e+01,4.925559092376192183e+01,-4.001649999999999929e-01,3.282500000000000417e-01,1.000000000000000000e+00
6.549759135999177317e+01,5.277384741831634329e+01,0.000000000000000000e+00,1.000000000000000000e+00,1.000000000000000000e+00
6.549759135999177317e+01,5.629210391287076476e+01,4.216300000000000048e-01,6.656250000000000222e-01,1.000000000000000000e+00
6.549759135999177317e+01,5.981036040742518622e+01,0.000000000000000000e+00,1.000000000000000000e+00,0.000000000000000000e+00
6.549759135999177317e+01,6.332861690197960769e+01,0.000000000000000000e+00,1.000000000000000000e+00,0.000000000000000000e+00
6.549759135999177317e+01,6.684687339653403626e+01,0.000000000000000000e+00,1.000000000000000000e+00,0.000000000000000000e+00
6.549759135999177317e+01,7.036512989108845773e+01,-4.422650000000000192e-01,3.490699999999999914e-01,0.000000000000000000e+00
6.549759135999177317e+01,7.388338638564287919e+01,-8.480799999999998340e-01,-3.022200000000000442e-01,0.000000000000000000e+00
6.549759135999177317e+01,7.740164288019730066e+01,-4.737239999999999784e-01,-4.322595000000000187e-01,0.000000000000000000e+00
6.549759135999177317e+01,8.091989937475172212e+01,-8.116600000000000481e-01,1.656299999999999439e-01,0.000000000000000000e+00
6.549759135999177317e+01,8.443815586930614359e+01,0.000000000000000000e+00,1.000000000000000000e+00,0.000000000000000000e+00
6.549759135999177317e+01,8.795641236386056505e+01,0.000000000000000000e+00,1.000000000000000000e+00,0.000000000000000000e+00
6.549759135999177317e+01,9.147466885841498652e+01,0.000000000000000000e+00,1.000000000000000000e+00,0.000000000000000000e+00
6.549759135999177317e+01,9.499292535296942219e+01,0.000000000000000000e+00,1.000000000000000000e+00,0.000000000000000000e+00
6.549759135999177317e+01,9.851118184752384366e+01,0.000000000000000000e+00,1.000000000000000000e+00,0.000000000000000000e+00
6.549759135999177317e+01,1.020294383420782651e+02,7.258400000000000407e-01,4.079800000000000093e-01,0.000000000000000000e+00
6.731696889776932835e+01,1.759128247277211399e+00,0.000000000000000000e+00,1.000000000000000000e+00,0.000000000000000000e+00
6.731696889776932835e+01,5.277384741831633974e+00,0.000000000000000000e+00,1.000000000000000000e+00,0.000000000000000000e+00
6.731696889776932835e+01,8.795641236386057216e+00,0.000000000000000000e+00,1.000000000000000000e+00,0.000000000000000000e+00
6.731696889776932835e+01,1.231389773094048046e+01,-7.512900000000000134e-01,6.505900000000000016e-01,0.000000000000000000e+00
6.731696889776932835e+01,1.583215422549490192e+01,-5.315449999999999342e-01,4.620679999999999232e-01,0.000000000000000000e+00
6.731696889776932835e+01,1.935041072004932516e+01,6.552200000000000246e-01,7.202399999999999913e-01,0.000000000000000000e+00
6.731696889776932835e+01,2.286866721460374663e+01,-3.738349999999999729e-01,1.778649999999999121e-01,0.000000000000000000e+00
6.731696889776932835e+01,2.638692370915817165e+01,0.000000000000000000e+00,1.000000000000000000e+00,0.000000000000000000e+00
6.731696889776932835e+01,2.990518020371259311e+01,0.000000000000000000e+00,1.000000000000000000e+00,0.000000000000000000e+00
6.731696889776932835e+01,3.342343669826701813e+01,0.000000000000000000e+00,1.000000000000000000e+00,0.000000000000000000e+00
6.731696889776932835e+01,3.870082144009865033e+01,0.000000000000000000e+00,1.000000000000000000e+00,0.000000000000000000e+00
6.731696889776932835e+01,4.221907793465307179e+01,-2.127100000000000102e-01,8.981149999999999967e-01,0.000000000000000000e+00
6.731696889776932835e+01,4.573733442920749326e+01,0.000000000000000000e+00,1.000000000000000000e+00,0.000000000000000000e+00
6.731696889776932835e+01,4.925559092376192183e+01,0.000000000000000000e+00,1.000000000000000000e+00,0.000000000000000000e+00
6.731696889776932835e+01,5.277384741831634329e+01,0.000000000000000000e+00,1.000000000000000000e+00,0.000000000000000000e+00
6.731696889776932835e+01,5.629210391287076476e+01,-1.710000000000000131e-01,9.277250000000000218e-01,0.000000000000000000e+00
6.731696889776932835e+01,5.981036040742518622e+01,0.000000000000000000e+00,1.000000000000000000e+00,0.000000000000000000e+00
6.731696889776932835e+01,6.332861690197960769e+01,0.000000000000000000e+00,1.000000000000000000e+00,0.000000000000000000e+00
6.731696889776932835e+01,6.684687339653403626e+01,0.000000000000000000e+00,1.000000000000000000e+00,0.000000000000000000e+00
6.731696889776932835e+01,7.036512989108845773e+01,-4.169700000000000073e-01,6.143350000000000755e-01,0.000000000000000000e+00
6.731696889776932835e+01,7.388338638564287919e+01,0.000000000000000000e+00,1.000000000000000000e+00,0.000000000000000000e+00
6.731696889776932835e+01,7.740164288019730066e+01,0.000000000000000000e+00,1.000000000000000000e+00,0.000000000000000000e+00
6.731696889776932835e+01,8.091989937475172212e+01,0.000000000000000000e+00,1.000000000000000000e+00,0.000000000000000000e+00
6.731696889776932835e+01,8.443815586930614359e+01,3.837949999999999973e-01,2.858299999999999730e-01,0.000000000000000000e+00
6.731696889776932835e+01,8.795641236386056505e+01,-7.518599999999998618e-01,5.044399999999999995e-01,0.000000000000000000e+00
6.731696889776932835e+01,9.147466885841498652e+01,-7.340499999999999803e-01,4.938949999999999729e-01,0.000000000000000000e+00
6.731696889776932835e+01,9.499292535296942219e+01,-7.549700000000000299e-01,1.770399999999999474e-01,0.000000000000000000e+00
6.731696889776932835e+01,9.851118184752384366e+01,-4.287799999999999945e-01,5.384569999999999634e-01,0.000000000000000000e+00
6.731696889776932835e+01,1.020294383420782651e+02,0.000000000000000000e+00,1.000000000000000000e+00,0.000000000000000000e+00
6.913634643554688353e+01,1.759128247277211399e+00,-3.214099999999999735e-01,8.113850000000000229e-01,0.000000000000000000e+00
6.913634643554688353e+01,5.277384741831633974e+00,8.322699999999999543e-01,-3.001099999999999879e-01,0.000000000000000000e+00
6.913634643554688353e+01,8.795641236386057216e+00,5.186500000000004995e-02,-3.398499999999998744e-02,0.000000000000000000e+00
6.913634643554688353e+01,1.231389773094048046e+01,-8.298900000000000166e-01,-3.024000000000004462e-02,0.000000000000000000e+00
6.913634643554688353e+01,1.583215422549490192e+01,0.000000000000000000e+00,1.000000000000000000e+00,1.000000000000000000e+00
6.913634643554688353e+01,1.935041072004932516e+01,0.000000000000000000e+00,1.000000000000000000e+00,1.000000000000000000e+00
6.913634643554688353e+01,2.286866721460374663e+01,-4.551549999999999763e-01,5.943950000000000067e-01,1.000000000000000000e+00
6.913634643554688353e+01,2.638692370915817165e+01,0.000000000000000000e+00,1.000000000000000000e+00,1.000000000000000000e+00
6.913634643554688353e+01,2.990518020371259311e+01,0.000000000000000000e+00,1.000000000000000000e+00,1.000000000000000000e+00
6.913634643554688353e+01,3.342343669826701813e+01,-8.011599999999999833e-01,4.696199999999999264e-01,1.000000000000000000e+00
6.913634643554688353e+01,3.694169319282143960e+01,-8.871799999999998576e-01,3.234600000000000253e-01,1.000000000000000000e+00
6.913634643554688353e+01,4.045994968737586106e+01,-7.777699999999998504e-01,5.352200000000000291e-01,0.000000000000000000e+00
6.913634643554688353e+01,4.397820618193028253e+01,-4.833600000000000119e-01,4.669054999999999733e-01,0.000000000000000000e+00
6.913634643554688353e+01,4.749646267648471110e+01,0.000000000000000000e+00,1.000000000000000000e+00,0.000000000000000000e+00
6.913634643554688353e+01,5.101471917103913256e+01,-4.860849999999999893e-01,5.878299999999999637e-01,0.000000000000000000e+00
6.913634643554688353e+01,5.453297566559355403e+01,0.000000000000000000e+00,1.000000000000000000e+00,0.000000000000000000e+00
6.913634643554688353e+01,5.805123216014797549e+01,-4.976949999999999985e-01,5.258344999999999825e-01,1.000000000000000000e+00
6.913634643554688353e+01,6.156948865470239696e+01,0.000000000000000000e+00,1.000000000000000000e+00,0.000000000000000000e+00
6.913634643554688353e+01,6.508774514925681842e+01,4.526600000000000068e-01,6.543999999999999817e-01,0.000000000000000000e+00
6.913634643554688353e+01,6.860600164381123989e+01,6.799199999999999688e-01,4.779300000000000215e-01,0.000000000000000000e+00
6.913634643554688353e+01,7.212425813836566135e+01,4.240300000000000180e-01,6.675050000000000150e-01,0.000000000000000000e+00
6.913634643554688353e+01,7.564251463292009703e+01,0.000000000000000000e+00,1.000000000000000000e+00,0.000000000000000000e+00
6.913634643554688353e+01,7.916077112747451849e+01,4.336749999999999772e-01,-3.796419999999999795e-01,0.000000000000000000e+00
6.913634643554688353e+01,8.267902762202893996e+01,0.000000000000000000e+00,1.000000000000000000e+00,0.000000000000000000e+00
6.913634643554688353e+01,8.619728411658336142e+01,4.168950000000000156e-01,6.802099999999999813e-01,0.000000000000000000e+00
6.913634643554688353e+01,8.971554061113778289e+01,8.375899999999998347e-01,2.886500000000000177e-01,0.000000000000000000e+00
6.913634643554688353e+01,9.323379710569220435e+01,-3.612600000000000255e-01,1.559249999999999803e-01,0.000000000000000000e+00
6.913634643554688353e+01,9.675205360024662582e+01,0.000000000000000000e+00,1.000000000000000000e+00,0.000000000000000000e+00
6.913634643554688353e+01,1.002703100948010473e+02,-4.487400000000000277e-01,3.834150000000000613e-01,0.000000000000000000e+00
6.913634643554688353e+01,1.037885665893554688e+02,0.000000000000000000e+00,1.000000000000000000e+00,0.000000000000000000e+00
7.095572397332442449e+01,3.518256494554422797e+00,4.221249999999999725e-01,5.827149999999999830e-01,1.000000000000000000e+00
7.095572397332442449e+01,7.036512989108845595e+00,-8.909000000000001362e-01,-1.331900000000000306e-01,1.000000000000000000e+00
7.095572397332442449e+01,1.055476948366326795e+01,4.681150000000000033e-01,5.875500000000000167e-01,0.000000000000000000e+00
7.095572397332442449e+01,1.407302597821769119e+01,0.000000000000000000e+00,1.000000000000000000e+00,0.000000000000000000e+00
7.095572397332442449e+01,1.759128247277211443e+01,-3.578149999999999942e-01,2.700899999999999412e-01,0.000000000000000000e+00
7.095572397332442449e+01,2.110953896732653590e+01,0.000000000000000000e+00,1.000000000000000000e+00,0.000000000000000000e+00
7.095572397332442449e+01,2.462779546188096091e+01,0.000000000000000000e+00,1.000000000000000000e+00,0.000000000000000000e+00
7.095572397332442449e+01,2.814605195643538238e+01,-8.529799999999998494e-01,-3.226400000000000379e-01,1.000000000000000000e+00
7.095572397332442449e+01,3.166430845098980384e+01,-1.478000000000000425e-01,1.548700000000000077e-01,1.000000000000000000e+00
7.095572397332442449e+01,3.518256494554422886e+01,-8.146299999999998542e-01,-9.446299999999996366e-02,1.000000000000000000e+00
7.095572397332442449e+01,3.870082144009865033e+01,0.000000000000000000e+00,1.000000000000000000e+00,1.000000000000000000e+00
7.095572397332442449e+01,4.221907793465307179e+01,0.000000000000000000e+00,1.000000000000000000e+00,0.000000000000000000e+00
7.095572397332442449e+01,4.573733442920749326e+01,0.000000000000000000e+00,1.000000000000000000e+00,0.000000000000000000e+00
7.095572397332442449e+01,4.925559092376192183e+01,0.000000000000000000e+00,1.000000000000000000e+00,0.000000000000000000e+00
7.095572397332442449e+01,5.277384741831634329e+01,0.000000000000000000e+00,1.000000000000000000e+00,0.000000000000000000e+00
7.095572397332442449e+01,5.629210391287076476e+01,0.000000000000000000e+00,1.000000000000000000e+00,0.000000000000000000e+00
7.095572397332442449e+01,5.981036040742518622e+01,1.569000000000000117e-01,9.715099999999999847e-01,0.000000000000000000e+00
7.095572397332442449e+01,6.332861690197960769e+01,0.000000000000000000e+00,1.000000000000000000e+00,0.000000000000000000e+00
7.095572397332442449e+01,6.684687339653403626e+01,4.772500000000000075e-01,3.696050000000000169e-01,0.000000000000000000e+00
7.095572397332442449e+01,7.036512989108845773e+01,0.000000000000000000e+00,1.000000000000000000e+00,0.000000000000000000e+00
7.095572397332442449e+01,7.388338638564287919e+01,0.000000000000000000e+00,1.000000000000000000e+00,0.000000000000000000e+00
7.095572397332442449e+01,7.740164288019730066e+01,0.000000000000000000e+00,1.000000000000000000e+00,0.000000000000000000e+00
7.095572397332442449e+01,8.267902762202893996e+01,0.000000000000000000e+00,1.000000000000000000e+00,0.000000000000000000e+00
7.095572397332442449e+01,8.619728411658336142e+01,0.000000000000000000e+00,1.000000000000000000e+00,0.000000000000000000e+00
7.095572397332442449e+01,8.971554061113778289e+01,0.000000000000000000e+00,1.000000000000000000e+00,0.000000000000000000e+00
7.095572397332442449e+01,9.323379710569220435e+01,0.000000000000000000e+00,1.000000000000000000e+00,0.000000000000000000e+00
7.095572397332442449e+01,9.675205360024662582e+01,0.000000000000000000e+00,1.000000000000000000e+00,0.000000000000000000e+00
7.095572397332442449e+01,1.002703100948010473e+02,0.000000000000000000e+00,1.000000000000000000e+00,0.000000000000000000e+00
7.095572397332442449e+01,1.037885665893554688e+02,9.222200000000000397e-01,1.089999999999999858e-01,0.000000000000000000e+00
7.277510151110197967e+01,3.518256494554422797e+00,0.000000000000000000e+00,1.000000000000000000e+00,0.000000000000000000e+00
7.277510151110197967e+01,7.036512989108845595e+00,0.000000000000000000e+00,1.000000000000000000e+00,0.000000000000000000e+00
7.277510151110197967e+01,1.055476948366326795e+01,-2.823049999999999726e-01,8.831200000000000161e-01,0.000000000000000000e+00
7.277510151110197967e+01,1.407302597821769119e+01,-8.146400000000000308e-01,5.297800000000000287e-01,0.000000000000000000e+00
7.277510151110197967e+01,1.759128247277211443e+01,-3.773099999999999787e-01,7.187099999999999600e-01,0.000000000000000000e+00
7.277510151110197967e+01,2.110953896732653590e+01,-7.499700000000000255e-01,-2.547500000000000320e-01,0.000000000000000000e+00
7.277510151110197967e+01,2.462779546188096091e+01,0.000000000000000000e+00,1.000000000000000000e+00,0.000000000000000000e+00
7.277510151110197967e+01,2.814605195643538238e+01,0.000000000000000000e+00,1.000000000000000000e+00,0.000000000000000000e+00
7.277510151110197967e+01,3.166430845098980384e+01,-3.881700000000000150e-01,7.001049999999999773e-01,0.000000000000000000e+00
7.277510151110197967e+01,3.518256494554422886e+01,0.000000000000000000e+00,1.000000000000000000e+00,0.000000000000000000e+00
7.277510151110197967e+01,3.870082144009865033e+01,0.000000000000000000e+00,1.000000000000000000e+00,0.000000000000000000e+00
7.277510151110197967e+01,4.221907793465307179e+01,8.626399999999998514e-01,-3.515800000000000036e-01,0.000000000000000000e+00
7.277510151110197967e+01,4.573733442920749326e+01,-4.034699999999999953e-01,7.128349999999999964e-01,0.000000000000000000e+00
7.277510151110197967e+01,4.925559092376192183e+01,-7.120900000000000007e-01,5.186500000000000554e-01,0.000000000000000000e+00
7.277510151110197967e+01,5.277384741831634329e+01,-7.232600000000000140e-01,4.313350000000000239e-01,0.000000000000000000e+00
7.277510151110197967e+01,5.629210391287076476e+01,-7.576800000000000201e-01,-2.528099999999999792e-01,0.000000000000000000e+00
7.277510151110197967e+01,5.981036040742518622e+01,0.000000000000000000e+00,1.000000000000000000e+00,0.000000000000000000e+00
7.277510151110197967e+01,6.332861690197960769e+01,0.000000000000000000e+00,1.000000000000000000e+00,0.000000000000000000e+00
7.277510151110197967e+01,6.684687339653403626e+01,-4.605549999999999922e-01,5.911849999999999605e-01,0.000000000000000000e+00
7.277510151110197967e+01,7.036512989108845773e+01,0.000000000000000000e+00,1.000000000000000000e+00,0.000000000000000000e+00
7.277510151110197967e+01,7.388338638564287919e+01,3.567649999999999988e-01,2.432150000000000700e-01,0.000000000000000000e+00
7.277510151110197967e+01,7.740164288019730066e+01,-8.805600000000000094e-01,3.751599999999999380e-01,0.000000000000000000e+00
7.277510151110197967e+01,8.091989937475172212e+01,-4.276849999999999818e-01,7.161899999999999933e-01,0.000000000000000000e+00
7.277510151110197967e+01,8.443815586930614359e+01,-7.861000000000000210e-01,4.791000000000000258e-01,0.000000000000000000e+00
7.277510151110197967e+01,8.795641236386056505e+01,4.992449999999999943e-01,4.885320000000000218e-01,0.000000000000000000e+00
7.277510151110197967e+01,9.147466885841498652e+01,0.000000000000000000e+00,1.000000000000000000e+00,0.000000000000000000e+00
7.277510151110197967e+01,9.499292535296942219e+01,-4.637950000000000128e-01,6.646900000000000031e-01,0.000000000000000000e+00
7.277510151110197967e+01,9.851118184752384366e+01,9.995600000000000041e-01,-2.876900000000004454e-02,0.000000000000000000e+00
7.277510151110197967e+01,1.020294383420782651e+02,4.898899999999999921e-01,5.102444999999999897e-01,0.000000000000000000e+00
7.459447904887952063e+01,1.759128247277211399e+00,-9.706300000000002148e-01,2.185600000000000043e-01,0.000000000000000000e+00
7.459447904887952063e+01,5.277384741831633974e+00,0.000000000000000000e+00,1.000000000000000000e+00,1.000000000000000000e+00
7.459447904887952063e+01,8.795641236386057216e+00,0.000000000000000000e+00,1.000000000000000000e+00,1.000000000000000000e+00
7.459447904887952063e+01,1.231389773094048046e+01,5.153750000000000275e-01,3.553934999999999733e-01,1.000000000000000000e+00
7.459447904887952063e+01,1.583215422549490192e+01,9.557799999999999629e-01,1.117100000000000037e-01,0.000000000000000000e+00
7.459447904887952063e+01,1.935041072004932516e+01,4.910649999999999737e-01,5.301810000000000134e-01,0.000000000000000000e+00
7.459447904887952063e+01,2.286866721460374663e+01,0.000000000000000000e+00,1.000000000000000000e+00,0.000000000000000000e+00
7.459447904887952063e+01,2.638692370915817165e+01,4.058040000000000536e-01,3.082750000000000212e-01,1.000000000000000000e+00
7.459447904887952063e+01,2.990518020371259311e+01,-8.552999999999998382e-01,-3.581399999999999029e-01,1.000000000000000000e+00
7.459447904887952063e+01,3.342343669826701813e+01,3.108150000000000079e-01,7.747699999999998477e-01,1.000000000000000000e+00
7.459447904887952063e+01,3.694169319282143960e+01,0.000000000000000000e+00,1.000000000000000000e+00,1.000000000000000000e+00
7.459447904887952063e+01,4.045994968737586106e+01,4.506299999999999750e-01,6.395949999999999136e-01,1.000000000000000000e+00
7.459447904887952063e+01,4.397820618193028253e+01,9.034400000000000208e-01,2.639599999999999724e-01,1.000000000000000000e+00
7.459447904887952063e+01,4.749646267648471110e+01,-8.091099999999999959e-01,-3.578100000000000169e-01,1.000000000000000000e+00
7.459447904887952063e+01,5.101471917103913256e+01,8.737599999999999811e-01,-2.164800000000000058e-02,0.000000000000000000e+00
7.459447904887952063e+01,5.453297566559355403e+01,0.000000000000000000e+00,1.000000000000000000e+00,0.000000000000000000e+00
7.459447904887952063e+01,5.805123216014797549e+01,0.000000000000000000e+00,1.000000000000000000e+00,0.000000000000000000e+00
7.459447904887952063e+01,6.156948865470239696e+01,0.000000000000000000e+00,1.000000000000000000e+00,0.000000000000000000e+00
7.459447904887952063e+01,6.508774514925681842e+01,0.000000000000000000e+00,1.000000000000000000e+00,0.000000000000000000e+00
7.459447904887952063e+01,6.860600164381123989e+01,0.000000000000000000e+00,1.000000000000000000e+00,0.000000000000000000e+00
7.459447904887952063e+01,7.212425813836566135e+01,7.829199999999998383e-01,3.160000000000000586e-01,0.000000000000000000e+00
7.459447904887952063e+01,7.564251463292009703e+01,-1.344499999999992750e-02,-7.793500000000003203e-02,0.000000000000000000e+00
7.459447904887952063e+01,7.916077112747451849e+01,8.050699999999998413e-01,3.224899999999999434e-01,0.000000000000000000e+00
7.459447904887952063e+01,8.267902762202893996e+01,-3.890149999999999997e-01,6.880950000000000122e-01,0.000000000000000000e+00
7.459447904887952063e+01,8.619728411658336142e+01,0.000000000000000000e+00,1.000000000000000000e+00,0.000000000000000000e+00
7.459447904887952063e+01,8.971554061113778289e+01,0.000000000000000000e+00,1.000000000000000000e+00,0.000000000000000000e+00
7.459447904887952063e+01,9.323379710569220435e+01,0.000000000000000000e+00,1.000000000000000000e+00,0.000000000000000000e+00
7.459447904887952063e+01,9.675205360024662582e+01,4.279450000000000198e-01,6.953050000000000619e-01,0.000000000000000000e+00
7.459447904887952063e+01,1.002703100948010473e+02,0.000000000000000000e+00,1.000000000000000000e+00,0.000000000000000000e+00
7.459447904887952063e+01,1.037885665893554688e+02,-6.003000000000000003e-02,9.962149999999999617e-01,0.000000000000000000e+00
7.641385658665707581e+01,3.518256494554422797e+00,0.000000000000000000e+00,1.000000000000000000e+00,0.000000000000000000e+00
7.641385658665707581e+01,7.036512989108845595e+00,0.000000000000000000e+00,1.000000000000000000e+00,0.000000000000000000e+00
7.641385658665707581e+01,1.055476948366326795e+01,0.000000000000000000e+00,1.000000000000000000e+00,0.000000000000000000e+00
7.641385658665707581e+01,1.407302597821769119e+01,0.000000000000000000e+00,1.000000000000000000e+00,0.000000000000000000e+00
7.641385658665707581e+01,1.759128247277211443e+01,0.000000000000000000e+00,1.000000000000000000e+00,0.000000000000000000e+00
7.641385658665707581e+01,2.286866721460374663e+01,0.000000000000000000e+00,1.000000000000000000e+00,0.000000000000000000e+00
7.641385658665707581e+01,2.638692370915817165e+01,0.000000000000000000e+00,1.000000000000000000e+00,0.000000000000000000e+00
7.641385658665707581e+01,2.990518020371259311e+01,-2.714199999999999946e-01,9.616799999999999793e-01,0.000000000000000000e+00
7.641385658665707581e+01,3.342343669826701813e+01,3.929099999999999954e-02,9.930299999999999683e-01,0.000000000000000000e+00
7.641385658665707581e+01,3.694169319282143960e+01,0.000000000000000000e+00,1.000000000000000000e+00,0.000000000000000000e+00
7.641385658665707581e+01,4.045994968737586106e+01,-1.410500000000000087e-01,9.335350000000000037e-01,0.000000000000000000e+00
7.641385658665707581e+01,4.397820618193028253e+01,0.000000000000000000e+00,1.000000000000000000e+00,0.000000000000000000e+00
7.641385658665707581e+01,4.749646267648471110e+01,0.000000000000000000e+00,1.000000000000000000e+00,0.000000000000000000e+00
7.641385658665707581e+01,5.101471917103913256e+01,0.000000000000000000e+00,1.000000000000000000e+00,0.000000000000000000e+00
7.641385658665707581e+01,5.453297566559355403e+01,-4.463799999999999990e-01,3.919300000000000006e-01,0.000000000000000000e+00
7.641385658665707581e+01,5.805123216014797549e+01,-7.216799999999999882e-01,5.725400000000000489e-01,0.000000000000000000e+00
7.641385658665707581e+01,6.156948865470239696e+01,8.375200000000000422e-01,-3.840000000000000080e-01,0.000000000000000000e+00
7.641385658665707581e+01,6.508774514925681842e+01,7.966800000000000548e-01,-2.316000000000000003e-01,0.000000000000000000e+00
7.641385658665707581e+01,6.860600164381123989e+01,4.367599999999999816e-01,4.779260000000000175e-01,0.000000000000000000e+00
7.641385658665707581e+01,7.212425813836566135e+01,0.000000000000000000e+00,1.000000000000000000e+00,0.000000000000000000e+00
7.641385658665707581e+01,7.564251463292009703e+01,0.000000000000000000e+00,1.000000000000000000e+00,0.000000000000000000e+00
7.641385658665707581e+01,7.916077112747451849e+01,0.000000000000000000e+00,1.000000000000000000e+00,0.000000000000000000e+00
7.641385658665707581e+01,8.267902762202893996e+01,-4.398500000000000187e-01,6.010750000000000259e-01,0.000000000000000000e+00
7.641385658665707581e+01,8.619728411658336142e+01,-9.413800000000001056e-01,2.270399999999999918e-01,0.000000000000000000e+00
7.641385658665707581e+01,8.971554061113778289e+01,-4.218600000000000128e-01,7.129649999999999599e-01,0.000000000000000000e+00
7.641385658665707581e+01,9.323379710569220435e+01,-7.587500000000000355e-01,5.326699999999999768e-01,0.000000000000000000e+00
7.641385658665707581e+01,9.675205360024662582e+01,-7.806699999999998640e-01,3.747900000000000120e-01,0.000000000000000000e+00
7.641385658665707581e+01,1.002703100948010473e+02,5.772399999999999753e-01,-5.347300000000001496e-01,0.000000000000000000e+00
7.641385658665707581e+01,1.037885665893554688e+02,0.000000000000000000e+00,1.000000000000000000e+00,0.000000000000000000e+00
7.823323412443463098e+01,3.518256494554422797e+00,-8.246400000000000396e-01,4.349700000000000788e-01,0.000000000000000000e+00
7.823323412443463098e+01,7.036512989108845595e+00,-8.408449999999999536e-01,3.604600000000000026e-01,0.000000000000000000e+00
7.823323412443463098e+01,1.055476948366326795e+01,-7.561499999999999888e-01,4.880100000000000549e-01,0.000000000000000000e+00
7.823323412443463098e+01,1.407302597821769119e+01,7.753449999999998399e-01,-3.460900000000000087e-01,0.000000000000000000e+00
7.823323412443463098e+01,1.759128247277211443e+01,2.021999999999999909e-01,-9.672600000000000087e-01,0.000000000000000000e+00
7.823323412443463098e+01,2.110953896732653590e+01,-2.138249999999999960e-03,3.594249999999999945e-01,0.000000000000000000e+00
7.823323412443463098e+01,2.462779546188096091e+01,1.572399999999996023e-02,-9.998500000000000165e-01,0.000000000000000000e+00
7.823323412443463098e+01,2.814605195643538238e+01,-4.600500000000000145e-01,5.853450000000000042e-01,1.000000000000000000e+00
7.823323412443463098e+01,3.166430845098980384e+01,0.000000000000000000e+00,1.000000000000000000e+00,1.000000000000000000e+00
7.823323412443463098e+01,3.518256494554422886e+01,-3.300950000000000273e-01,8.633649999999998270e-01,1.000000000000000000e+00
7.823323412443463098e+01,3.870082144009865033e+01,-8.622999999999998444e-01,4.259999999999999343e-01,0.000000000000000000e+00
7.823323412443463098e+01,4.221907793465307179e+01,4.959149999999999947e-01,5.020839500000000566e-01,0.000000000000000000e+00
7.823323412443463098e+01,4.573733442920749326e+01,9.646400000000000530e-01,-2.253300000000000303e-01,0.000000000000000000e+00
7.823323412443463098e+01,4.925559092376192183e+01,0.000000000000000000e+00,1.000000000000000000e+00,0.000000000000000000e+00
7.823323412443463098e+01,5.277384741831634329e+01,0.000000000000000000e+00,1.000000000000000000e+00,1.000000000000000000e+00
7.823323412443463098e+01,5.629210391287076476e+01,-4.624550000000000050e-01,4.192699999999999760e-01,0.000000000000000000e+00
7.823323412443463098e+01,5.981036040742518622e+01,9.376900000000000235e-01,1.114600000000000035e-01,0.000000000000000000e+00
7.823323412443463098e+01,6.332861690197960769e+01,4.930800000000000183e-01,5.542700000000000404e-01,0.000000000000000000e+00
7.823323412443463098e+01,6.684687339653403626e+01,1.507900000000000074e-01,6.304100000000000259e-01,0.000000000000000000e+00
7.823323412443463098e+01,7.036512989108845773e+01,4.610500000000000154e-01,6.047949999999999715e-01,0.000000000000000000e+00
7.823323412443463098e+01,7.388338638564287919e+01,0.000000000000000000e+00,1.000000000000000000e+00,0.000000000000000000e+00
7.823323412443463098e+01,7.740164288019730066e+01,-3.890899999999999914e-01,2.936650000000000649e-01,0.000000000000000000e+00
7.823323412443463098e+01,8.091989937475172212e+01,0.000000000000000000e+00,1.000000000000000000e+00,0.000000000000000000e+00
7.823323412443463098e+01,8.443815586930614359e+01,4.823000000000000065e-01,5.565400000000000347e-01,0.000000000000000000e+00
7.823323412443463098e+01,8.795641236386056505e+01,-8.594800000000000217e-01,-3.388200000000000656e-01,0.000000000000000000e+00
7.823323412443463098e+01,9.147466885841498652e+01,-6.269500000000005624e-02,5.143500000000000849e-02,0.000000000000000000e+00
7.823323412443463098e+01,9.499292535296942219e+01,-7.267900000000000471e-01,3.940699999999999203e-01,0.000000000000000000e+00
7.823323412443463098e+01,9.851118184752384366e+01,0.000000000000000000e+00,1.000000000000000000e+00,0.000000000000000000e+00
7.823323412443463098e+01,1.020294383420782651e+02,0.000000000000000000e+00,1.000000000000000000e+00,0.000000000000000000e+00
8.005261166221217195e+01,1.759128247277211399e+00,-3.923699999999999966e-01,3.281550000000000300e-01,0.000000000000000000e+00
8.005261166221217195e+01,5.277384741831633974e+00,-8.568500000000000005e-01,-1.437900000000000289e-01,0.000000000000000000e+00
8.005261166221217195e+01,8.795641236386057216e+00,-3.980350000000000277e-01,4.879384999999999972e-01,0.000000000000000000e+00
8.005261166221217195e+01,1.231389773094048046e+01,0.000000000000000000e+00,1.000000000000000000e+00,0.000000000000000000e+00
8.005261166221217195e+01,1.583215422549490192e+01,0.000000000000000000e+00,1.000000000000000000e+00,0.000000000000000000e+00
8.005261166221217195e+01,1.935041072004932516e+01,0.000000000000000000e+00,1.000000000000000000e+00,0.000000000000000000e+00
8.005261166221217195e+01,2.286866721460374663e+01,0.000000000000000000e+00,1.000000000000000000e+00,0.000000000000000000e+00
8.005261166221217195e+01,2.638692370915817165e+01,0.000000000000000000e+00,1.000000000000000000e+00,0.000000000000000000e+00
8.005261166221217195e+01,2.990518020371259311e+01,0.000000000000000000e+00,1.000000000000000000e+00,0.000000000000000000e+00
8.005261166221217195e+01,3.342343669826701813e+01,0.000000000000000000e+00,1.000000000000000000e+00,0.000000000000000000e+00
8.005261166221217195e+01,3.694169319282143960e+01,0.000000000000000000e+00,1.000000000000000000e+00,0.000000000000000000e+00
8.005261166221217195e+01,4.045994968737586106e+01,0.000000000000000000e+00,1.000000000000000000e+00,0.000000000000000000e+00
8.005261166221217195e+01,4.397820618193028253e+01,0.000000000000000000e+00,1.000000000000000000e+00,0.000000000000000000e+00
8.005261166221217195e+01,4.749646267648471110e+01,0.000000000000000000e+00,1.000000000000000000e+00,0.000000000000000000e+00
8.005261166221217195e+01,5.101471917103913256e+01,0.000000000000000000e+00,1.000000000000000000e+00,0.000000000000000000e+00
8.005261166221217195e+01,5.453297566559355403e+01,0.000000000000000000e+00,1.000000000000000000e+00,0.000000000000000000e+00
8.005261166221217195e+01,5.805123216014797549e+01,0.000000000000000000e+00,1.000000000000000000e+00,0.000000000000000000e+00
8.005261166221217195e+01,6.156948865470239696e+01,0.000000000000000000e+00,1.000000000000000000e+00,0.000000000000000000e+00
8.005261166221217195e+01,6.684687339653403626e+01,0.000000000000000000e+00,1.000000000000000000e+00,0.000000000000000000e+00
8.005261166221217195e+01,7.036512989108845773e+01,-7.626499999999999946e-02,9.759949999999999459e-01,0.000000000000000000e+00
8.005261166221217195e+01,7.388338638564287919e+01,1.694099999999999495e-01,9.839999999999999858e-01,0.000000000000000000e+00
8.005261166221217195e+01,7.740164288019730066e+01,1.331950000000000078e-01,9.714300000000000157e-01,0.000000000000000000e+00
8.005261166221217195e+01,8.091989937475172212e+01,5.194499999999999673e-01,8.526399999999998425e-01,0.000000000000000000e+00
8.005261166221217195e+01,8.443815586930614359e+01,0.000000000000000000e+00,1.000000000000000000e+00,0.000000000000000000e+00
8.005261166221217195e+01,8.795641236386056505e+01,0.000000000000000000e+00,1.000000000000000000e+00,0.000000000000000000e+00
8.005261166221217195e+01,9.147466885841498652e+01,0.000000000000000000e+00,1.000000000000000000e+00,0.000000000000000000e+00
8.005261166221217195e+01,9.499292535296942219e+01,0.000000000000000000e+00,1.000000000000000000e+00,0.000000000000000000e+00
8.005261166221217195e+01,9.851118184752384366e+01,0.000000000000000000e+00,1.000000000000000000e+00,0.000000000000000000e+00
8.005261166221217195e+01,1.020294383420782651e+02,8.528999999999999915e-01,-3.340700000000000891e-01,0.000000000000000000e+00
8.187198919998972713e+01,1.759128247277211399e+00,-3.716149999999999731e-01,7.073000000000000398e-01,0.000000000000000000e+00
8.187198919998972713e+01,5.277384741831633974e+00,0.000000000000000000e+00,1.000000000000000000e+00,0.000000000000000000e+00
8.187198919998972713e+01,8.795641236386057216e+00,0.000000000000000000e+00,1.000000000000000000e+00,0.000000000000000000e+00
8.187198919998972713e+01,1.231389773094048046e+01,0.000000000000000000e+00,1.000000000000000000e+00,0.000000000000000000e+00
8.187198919998972713e+01,1.583215422549490192e+01,3.315649999999999986e-01,2.001350000000000906e-01,0.000000000000000000e+00
8.187198919998972713e+01,1.935041072004932516e+01,-8.145599999999998397e-01,4.261300000000000088e-01,0.000000000000000000e+00
8.187198919998972713e+01,2.286866721460374663e+01,1.145899999999999558e-01,1.023850000000000038e-01,0.000000000000000000e+00
8.187198919998972713e+01,2.638692370915817165e+01,7.497399999999998510e-01,3.697099999999999831e-01,0.000000000000000000e+00
8.187198919998972713e+01,2.990518020371259311e+01,0.000000000000000000e+00,1.000000000000000000e+00,0.000000000000000000e+00
8.187198919998972713e+01,3.342343669826701813e+01,0.000000000000000000e+00,1.000000000000000000e+00,0.000000000000000000e+00
8.187198919998972713e+01,3.694169319282143960e+01,0.000000000000000000e+00,1.000000000000000000e+00,0.000000000000000000e+00
8.187198919998972713e+01,4.045994968737586106e+01,0.000000000000000000e+00,1.000000000000000000e+00,0.000000000000000000e+00
8.187198919998972713e+01,4.397820618193028253e+01,0.000000000000000000e+00,1.000000000000000000e+00,0.000000000000000000e+00
8.187198919998972713e+01,4.749646267648471110e+01,-9.029000000000000359e-01,3.345299999999999940e-01,0.000000000000000000e+00
8.187198919998972713e+01,5.101471917103913256e+01,-4.296550000000000091e-01,7.063000000000000389e-01,0.000000000000000000e+00
8.187198919998972713e+01,5.453297566559355403e+01,-7.233500000000000485e-01,5.666099999999999470e-01,0.000000000000000000e+00
8.187198919998972713e+01,5.805123216014797549e+01,7.993350000000000177e-01,-3.922149999999999803e-01,0.000000000000000000e+00
8.187198919998972713e+01,6.156948865470239696e+01,-2.257599999999999885e-01,8.312899999999998624e-01,0.000000000000000000e+00
8.187198919998972713e+01,6.508774514925681842e+01,0.000000000000000000e+00,1.000000000000000000e+00,0.000000000000000000e+00
8.187198919998972713e+01,6.860600164381123989e+01,0.000000000000000000e+00,1.000000000000000000e+00,0.000000000000000000e+00
8.187198919998972713e+01,7.212425813836566135e+01,-4.441300000000000248e-01,5.757399999999999185e-01,0.000000000000000000e+00
8.187198919998972713e+01,7.564251463292009703e+01,0.000000000000000000e+00,1.000000000000000000e+00,0.000000000000000000e+00
8.187198919998972713e+01,7.916077112747451849e+01,4.589250000000000274e-01,3.015400000000000302e-01,0.000000000000000000e+00
8.187198919998972713e+01,8.267902762202893996e+01,0.000000000000000000e+00,1.000000000000000000e+00,0.000000000000000000e+00
8.187198919998972713e+01,8.619728411658336142e+01,4.940899999999999737e-01,4.362200000000001077e-01,0.000000000000000000e+00
8.187198919998972713e+01,8.971554061113778289e+01,-9.103599999999999470e-01,3.117600000000000371e-01,0.000000000000000000e+00
8.187198919998972713e+01,9.323379710569220435e+01,3.329349999999999810e-01,2.067950000000000899e-01,0.000000000000000000e+00
8.187198919998972713e+01,9.675205360024662582e+01,0.000000000000000000e+00,1.000000000000000000e+00,0.000000000000000000e+00
8.187198919998972713e+01,1.002703100948010473e+02,4.946099999999999941e-01,-2.265999999999999959e-01,0.000000000000000000e+00
8.187198919998972713e+01,1.037885665893554688e+02,9.287300000000000555e-01,1.470499999999999863e-01,0.000000000000000000e+00
8.369136673776726809e+01,3.518256494554422797e+00,-3.602600000000000247e-01,3.073449999999999793e-01,0.000000000000000000e+00
8.369136673776726809e+01,7.036512989108845595e+00,8.702900000000000080e-01,3.303700000000000525e-01,0.000000000000000000e+00
8.369136673776726809e+01,1.055476948366326795e+01,4.612700000000000133e-01,6.488599999999999923e-01,0.000000000000000000e+00
8.369136673776726809e+01,1.407302597821769119e+01,0.000000000000000000e+00,1.000000000000000000e+00,0.000000000000000000e+00
8.369136673776726809e+01,1.759128247277211443e+01,4.217549999999999910e-01,6.610499999999999154e-01,0.000000000000000000e+00
8.369136673776726809e+01,2.110953896732653590e+01,-8.134900000000000464e-01,-3.805700000000000749e-01,0.000000000000000000e+00
8.369136673776726809e+01,2.462779546188096091e+01,0.000000000000000000e+00,1.000000000000000000e+00,0.000000000000000000e+00
8.369136673776726809e+01,2.814605195643538238e+01,0.000000000000000000e+00,1.000000000000000000e+00,0.000000000000000000e+00
8.369136673776726809e+01,3.166430845098980384e+01,4.253649999999999931e-01,6.526250000000000107e-01,0.000000000000000000e+00
8.369136673776726809e+01,3.518256494554422886e+01,0.000000000000000000e+00,1.000000000000000000e+00,0.000000000000000000e+00
8.369136673776726809e+01,3.870082144009865033e+01,0.000000000000000000e+00,1.000000000000000000e+00,0.000000000000000000e+00
8.369136673776726809e+01,4.221907793465307179e+01,0.000000000000000000e+00,1.000000000000000000e+00,0.000000000000000000e+00
8.369136673776726809e+01,4.573733442920749326e+01,-4.412150000000000238e-01,3.492650000000000476e-01,0.000000000000000000e+00
8.369136673776726809e+01,4.925559092376192183e+01,-8.004499999999999948e-01,-4.160599999999999854e-01,0.000000000000000000e+00
8.369136673776726809e+01,5.277384741831634329e+01,4.609550000000000591e-01,3.506949999999999790e-01,0.000000000000000000e+00
8.369136673776726809e+01,5.629210391287076476e+01,-7.983500000000000041e-01,1.607300000000000395e-01,0.000000000000000000e+00
8.369136673776726809e+01,5.981036040742518622e+01,0.000000000000000000e+00,1.000000000000000000e+00,0.000000000000000000e+00
8.369136673776726809e+01,6.332861690197960769e+01,0.000000000000000000e+00,1.000000000000000000e+00,0.000000000000000000e+00
8.369136673776726809e+01,6.684687339653403626e+01,4.092600000000000127e-01,5.206865000000000521e-01,0.000000000000000000e+00
8.369136673776726809e+01,7.036512989108845773e+01,0.000000000000000000e+00,1.000000000000000000e+00,0.000000000000000000e+00
8.369136673776726809e+01,7.388338638564287919e+01,0.000000000000000000e+00,1.000000000000000000e+00,0.000000000000000000e+00
8.369136673776726809e+01,7.740164288019730066e+01,8.460600000000000342e-01,3.067100000000000382e-01,0.000000000000000000e+00
8.369136673776726809e+01,8.091989937475172212e+01,2.906250000000000222e-01,8.974550000000000027e-01,0.000000000000000000e+00
8.369136673776726809e+01,8.443815586930614359e+01,0.000000000000000000e+00,1.000000000000000000e+00,0.000000000000000000e+00
8.369136673776726809e+01,8.795641236386056505e+01,0.000000000000000000e+00,1.000000000000000000e+00,0.000000000000000000e+00
8.369136673776726809e+01,9.147466885841498652e+01,0.000000000000000000e+00,1.000000000000000000e+00,0.000000000000000000e+00
8.369136673776726809e+01,9.499292535296942219e+01,3.761450000000000210e-02,9.985800000000000232e-01,0.000000000000000000e+00
8.369136673776726809e+01,9.851118184752384366e+01,0.000000000000000000e+00,1.000000000000000000e+00,0.000000000000000000e+00
8.369136673776726809e+01,1.020294383420782651e+02,4.432050000000000156e-01,7.111700000000000799e-01,0.000000000000000000e+00
8.551074427554482327e+01,1.759128247277211399e+00,0.000000000000000000e+00,1.000000000000000000e+00,0.000000000000000000e+00
8.551074427554482327e+01,7.036512989108845595e+00,0.000000000000000000e+00,1.000000000000000000e+00,0.000000000000000000e+00
8.551074427554482327e+01,1.055476948366326795e+01,5.374999999999999570e-03,9.989550000000000374e-01,0.000000000000000000e+00
8.551074427554482327e+01,1.407302597821769119e+01,0.000000000000000000e+00,1.000000000000000000e+00,0.000000000000000000e+00
8.551074427554482327e+01,1.759128247277211443e+01,0.000000000000000000e+00,1.000000000000000000e+00,0.000000000000000000e+00
8.551074427554482327e+01,2.110953896732653590e+01,0.000000000000000000e+00,1.000000000000000000e+00,0.000000000000000000e+00
8.551074427554482327e+01,2.462779546188096091e+01,0.000000000000000000e+00,1.000000000000000000e+00,0.000000000000000000e+00
8.551074427554482327e+01,2.814605195643538238e+01,0.000000000000000000e+00,1.000000000000000000e+00,0.000000000000000000e+00
8.551074427554482327e+01,3.166430845098980384e+01,-2.563900000000000068e-01,8.758500000000000174e-01,0.000000000000000000e+00
8.551074427554482327e+01,3.518256494554422886e+01,0.000000000000000000e+00,1.000000000000000000e+00,0.000000000000000000e+00
8.551074427554482327e+01,3.870082144009865033e+01,0.000000000000000000e+00,1.000000000000000000e+00,0.000000000000000000e+00
8.551074427554482327e+01,4.221907793465307179e+01,0.000000000000000000e+00,1.000000000000000000e+00,0.000000000000000000e+00
8.551074427554482327e+01,4.573733442920749326e+01,0.000000000000000000e+00,1.000000000000000000e+00,0.000000000000000000e+00
8.551074427554482327e+01,4.925559092376192183e+01,0.000000000000000000e+00,1.000000000000000000e+00,0.000000000000000000e+00
8.551074427554482327e+01,5.277384741831634329e+01,0.000000000000000000e+00,1.000000000000000000e+00,0.000000000000000000e+00
8.551074427554482327e+01,5.629210391287076476e+01,0.000000000000000000e+00,1.000000000000000000e+00,0.000000000000000000e+00
8.551074427554482327e+01,5.981036040742518622e+01,0.000000000000000000e+00,1.000000000000000000e+00,0.000000000000000000e+00
8.551074427554482327e+01,6.332861690197960769e+01,-6.998400000000000176e-01,5.281299999999999883e-01,0.000000000000000000e+00
8.551074427554482327e+01,6.684687339653403626e+01,-7.582649999999998558e-01,4.287699999999999845e-01,0.000000000000000000e+00
8.551074427554482327e+01,7.036512989108845773e+01,-7.833099999999998397e-01,-9.494899999999971071e-03,0.000000000000000000e+00
8.551074427554482327e+01,7.388338638564287919e+01,-4.238649999999999918e-01,5.374045000000000627e-01,0.000000000000000000e+00
8.551074427554482327e+01,7.740164288019730066e+01,0.000000000000000000e+00,1.000000000000000000e+00,0.000000000000000000e+00
8.551074427554482327e+01,8.091989937475172212e+01,0.000000000000000000e+00,1.000000000000000000e+00,0.000000000000000000e+00
8.551074427554482327e+01,8.443815586930614359e+01,0.000000000000000000e+00,1.000000000000000000e+00,0.000000000000000000e+00
8.551074427554482327e+01,8.795641236386056505e+01,-4.068649999999999767e-01,7.239999999999998659e-01,0.000000000000000000e+00
8.551074427554482327e+01,9.147466885841498652e+01,0.000000000000000000e+00,1.000000000000000000e+00,0.000000000000000000e+00
8.551074427554482327e+01,9.499292535296942219e+01,-4.042950000000000155e-01,7.367200000000000415e-01,0.000000000000000000e+00
8.551074427554482327e+01,9.851118184752384366e+01,-7.549599999999998534e-01,4.968299999999999939e-01,0.000000000000000000e+00
8.551074427554482327e+01,1.020294383420782651e+02,-4.304549999999999765e-01,6.996400000000000396e-01,0.000000000000000000e+00
8.733012181332236423e+01,1.759128247277211399e+00,0.000000000000000000e+00,1.000000000000000000e+00,0.000000000000000000e+00
8.733012181332236423e+01,5.277384741831633974e+00,0.000000000000000000e+00,1.000000000000000000e+00,0.000000000000000000e+00
8.733012181332236423e+01,8.795641236386057216e+00,-8.038600000000000190e-01,4.737799999999999789e-01,0.000000000000000000e+00
8.733012181332236423e+01,1.231389773094048046e+01,-9.110700000000000465e-01,3.033100000000000240e-01,0.000000000000000000e+00
8.733012181332236423e+01,1.583215422549490192e+01,-8.199899999999999967e-01,4.737000000000000099e-01,0.000000000000000000e+00
8.733012181332236423e+01,1.935041072004932516e+01,-4.999149999999999983e-01,4.963110499999999758e-01,0.000000000000000000e+00
8.733012181332236423e+01,2.286866721460374663e+01,0.000000000000000000e+00,1.000000000000000000e+00,0.000000000000000000e+00
8.733012181332236423e+01,2.638692370915817165e+01,-4.914200000000000235e-01,5.791250000000000009e-01,0.000000000000000000e+00
8.733012181332236423e+01,2.990518020371259311e+01,9.988000000000000211e-01,-1.774300000000000876e-02,0.000000000000000000e+00
8.733012181332236423e+01,3.342343669826701813e+01,-4.982099999999999862e-01,5.008152000000000159e-01,0.000000000000000000e+00
8.733012181332236423e+01,3.694169319282143960e+01,0.000000000000000000e+00,1.000000000000000000e+00,0.000000000000000000e+00
8.733012181332236423e+01,4.045994968737586106e+01,4.746600000000000263e-01,5.885299999999999976e-01,0.000000000000000000e+00
8.733012181332236423e+01,4.397820618193028253e+01,8.066799999999998416e-01,3.757699999999999374e-01,0.000000000000000000e+00
8.733012181332236423e+01,4.749646267648471110e+01,-4.112899999999999889e-01,3.084850000000000092e-01,1.000000000000000000e+00
8.733012181332236423e+01,5.101471917103913256e+01,0.000000000000000000e+00,1.000000000000000000e+00,1.000000000000000000e+00
8.733012181332236423e+01,5.453297566559355403e+01,4.857099999999999751e-01,5.103079999999999838e-01,1.000000000000000000e+00
8.733012181332236423e+01,5.805123216014797549e+01,9.141899999999999471e-01,2.833999999999999853e-01,0.000000000000000000e+00
8.733012181332236423e+01,6.156948865470239696e+01,4.027749999999999941e-01,6.907450000000000534e-01,0.000000000000000000e+00
8.733012181332236423e+01,6.508774514925681842e+01,8.535399999999998544e-01,1.995000000000000107e-01,0.000000000000000000e+00
8.733012181332236423e+01,6.860600164381123989e+01,-3.774850000000000150e-01,1.856749999999999234e-01,0.000000000000000000e+00
8.733012181332236423e+01,7.212425813836566135e+01,0.000000000000000000e+00,1.000000000000000000e+00,0.000000000000000000e+00
8.733012181332236423e+01,7.564251463292009703e+01,0.000000000000000000e+00,1.000000000000000000e+00,0.000000000000000000e+00
8.733012181332236423e+01,7.916077112747451849e+01,0.000000000000000000e+00,1.000000000000000000e+00,0.000000000000000000e+00
8.733012181332236423e+01,8.267902762202893996e+01,0.000000000000000000e+00,1.000000000000000000e+00,0.000000000000000000e+00
8.733012181332236423e+01,8.619728411658336142e+01,-9.628799999999998471e-01,-1.869800000000000073e-01,0.000000000000000000e+00
8.733012181332236423e+01,8.971554061113778289e+01,0.000000000000000000e+00,1.000000000000000000e+00,0.000000000000000000e+00
8.733012181332236423e+01,9.323379710569220435e+01,-6.537100000000000133e-01,-5.771299999999999208e-01,0.000000000000000000e+00
8.733012181332236423e+01,9.675205360024662582e+01,-3.829049999999999954e-01,5.666100000000000581e-01,0.000000000000000000e+00
8.733012181332236423e+01,1.002703100948010473e+02,0.000000000000000000e+00,1.000000000000000000e+00,0.000000000000000000e+00
8.733012181332236423e+01,1.037885665893554688e+02,0.000000000000000000e+00,1.000000000000000000e+00,0.000000000000000000e+00
8.914949935109991941e+01,3.518256494554422797e+00,8.292699999999998406e-01,3.411299999999999333e-01,0.000000000000000000e+00
8.914949935109991941e+01,7.036512989108845595e+00,9.626499999999992008e-02,-7.890500000000000291e-02,0.000000000000000000e+00
8.914949935109991941e+01,1.055476948366326795e+01,8.075499999999999901e-01,1.463799999999999546e-01,0.000000000000000000e+00
8.914949935109991941e+01,1.407302597821769119e+01,0.000000000000000000e+00,1.000000000000000000e+00,0.000000000000000000e+00
8.914949935109991941e+01,1.759128247277211443e+01,0.000000000000000000e+00,1.000000000000000000e+00,0.000000000000000000e+00
8.914949935109991941e+01,2.110953896732653590e+01,0.000000000000000000e+00,1.000000000000000000e+00,0.000000000000000000e+00
8.914949935109991941e+01,2.462779546188096091e+01,0.000000000000000000e+00,1.000000000000000000e+00,0.000000000000000000e+00
8.914949935109991941e+01,2.814605195643538238e+01,0.000000000000000000e+00,1.000000000000000000e+00,0.000000000000000000e+00
8.914949935109991941e+01,3.166430845098980384e+01,0.000000000000000000e+00,1.000000000000000000e+00,0.000000000000000000e+00
8.914949935109991941e+01,3.518256494554422886e+01,1.388900000000000134e-01,9.783600000000000074e-01,0.000000000000000000e+00
8.914949935109991941e+01,3.870082144009865033e+01,-8.364899999999998448e-01,-7.534100000000010233e-02,0.000000000000000000e+00
8.914949935109991941e+01,4.221907793465307179e+01,-4.601999999999999980e-01,6.867250000000000298e-01,0.000000000000000000e+00
8.914949935109991941e+01,4.573733442920749326e+01,0.000000000000000000e+00,1.000000000000000000e+00,0.000000000000000000e+00
8.914949935109991941e+01,5.101471917103913256e+01,0.000000000000000000e+00,1.000000000000000000e+00,0.000000000000000000e+00
8.914949935109991941e+01,5.453297566559355403e+01,0.000000000000000000e+00,1.000000000000000000e+00,0.000000000000000000e+00
8.914949935109991941e+01,5.805123216014797549e+01,0.000000000000000000e+00,1.000000000000000000e+00,0.000000000000000000e+00
8.914949935109991941e+01,6.156948865470239696e+01,0.000000000000000000e+00,1.000000000000000000e+00,0.000000000000000000e+00
8.914949935109991941e+01,6.508774514925681842e+01,0.000000000000000000e+00,1.000000000000000000e+00,0.000000000000000000e+00
8.914949935109991941e+01,6.860600164381123989e+01,0.000000000000000000e+00,1.000000000000000000e+00,0.000000000000000000e+00
8.914949935109991941e+01,7.212425813836566135e+01,0.000000000000000000e+00,1.000000000000000000e+00,0.000000000000000000e+00
8.914949935109991941e+01,7.564251463292009703e+01,0.000000000000000000e+00,1.000000000000000000e+00,0.000000000000000000e+00
8.914949935109991941e+01,7.916077112747451849e+01,8.712699999999999889e-01,-2.276499999999999080e-01,0.000000000000000000e+00
8.914949935109991941e+01,8.267902762202893996e+01,3.619149999999999867e-01,6.680800000000000072e-01,0.000000000000000000e+00
8.914949935109991941e+01,8.619728411658336142e+01,0.000000000000000000e+00,1.000000000000000000e+00,0.000000000000000000e+00
8.914949935109991941e+01,8.971554061113778289e+01,0.000000000000000000e+00,1.000000000000000000e+00,0.000000000000000000e+00
8.914949935109991941e+01,9.323379710569220435e+01,0.000000000000000000e+00,1.000000000000000000e+00,0.000000000000000000e+00
8.914949935109991941e+01,9.675205360024662582e+01,0.000000000000000000e+00,1.000000000000000000e+00,0.000000000000000000e+00
8.914949935109991941e+01,1.002703100948010473e+02,0.000000000000000000e+00,1.000000000000000000e+00,0.000000000000000000e+00
8.914949935109991941e+01,1.037885665893554688e+02,0.000000000000000000e+00,1.000000000000000000e+00,0.000000000000000000e+00
9.096887688887747458e+01,3.518256494554422797e+00,0.000000000000000000e+00,1.000000000000000000e+00,0.000000000000000000e+00
9.096887688887747458e+01,7.036512989108845595e+00,-3.999800000000000022e-01,6.888450000000000406e-01,0.000000000000000000e+00
9.096887688887747458e+01,1.055476948366326795e+01,0.000000000000000000e+00,1.000000000000000000e+00,0.000000000000000000e+00
9.096887688887747458e+01,1.407302597821769119e+01,0.000000000000000000e+00,1.000000000000000000e+00,1.000000000000000000e+00
9.096887688887747458e+01,1.759128247277211443e+01,8.903899999999997927e-01,-3.285799999999999832e-01,1.000000000000000000e+00
9.096887688887747458e+01,2.110953896732653590e+01,-8.631400000000000183e-01,3.662449999999999872e-01,1.000000000000000000e+00
9.096887688887747458e+01,2.462779546188096091e+01,-6.908699999999999841e-01,5.053400000000000114e-01,0.000000000000000000e+00
9.096887688887747458e+01,2.814605195643538238e+01,1.121450000000000363e-01,1.517899999999999805e-01,0.000000000000000000e+00
9.096887688887747458e+01,3.166430845098980384e+01,-8.364700000000000468e-01,1.397300000000001145e-02,0.000000000000000000e+00
9.096887688887747458e+01,3.518256494554422886e+01,0.000000000000000000e+00,1.000000000000000000e+00,0.000000000000000000e+00
9.096887688887747458e+01,3.870082144009865033e+01,0.000000000000000000e+00,1.000000000000000000e+00,0.000000000000000000e+00
9.096887688887747458e+01,4.221907793465307179e+01,-4.655050000000000021e-01,5.773300000000000098e-01,0.000000000000000000e+00
9.096887688887747458e+01,4.573733442920749326e+01,0.000000000000000000e+00,1.000000000000000000e+00,0.000000000000000000e+00
9.096887688887747458e+01,4.925559092376192183e+01,-9.133000000000002228e-02,-2.877110000000000500e-01,0.000000000000000000e+00
9.096887688887747458e+01,5.277384741831634329e+01,-8.826699999999998436e-01,3.822200000000000042e-01,0.000000000000000000e+00
9.096887688887747458e+01,5.629210391287076476e+01,-4.302150000000000141e-01,7.146500000000000075e-01,0.000000000000000000e+00
9.096887688887747458e+01,5.981036040742518622e+01,-8.019699999999998496e-01,4.505199999999999760e-01,0.000000000000000000e+00
9.096887688887747458e+01,6.332861690197960769e+01,4.935450000000000115e-01,4.490000000000000102e-01,0.000000000000000000e+00
9.096887688887747458e+01,6.684687339653403626e+01,0.000000000000000000e+00,1.000000000000000000e+00,0.000000000000000000e+00
9.096887688887747458e+01,7.036512989108845773e+01,-4.887500000000000178e-01,5.929349999999999898e-01,0.000000000000000000e+00
9.096887688887747458e+01,7.388338638564287919e+01,9.923699999999999743e-01,2.405199999999995796e-03,0.000000000000000000e+00
9.096887688887747458e+01,7.740164288019730066e+01,4.865800000000000125e-01,5.369009999999999616e-01,0.000000000000000000e+00
9.096887688887747458e+01,8.091989937475172212e+01,-9.833899999999998753e-01,-1.391300000000000037e-01,0.000000000000000000e+00
9.096887688887747458e+01,8.443815586930614359e+01,2.841700000000000129e-02,2.500550000000000272e-01,0.000000000000000000e+00
9.096887688887747458e+01,8.795641236386056505e+01,0.000000000000000000e+00,1.000000000000000000e+00,0.000000000000000000e+00
9.096887688887747458e+01,9.147466885841498652e+01,4.940550000000000219e-01,4.897050000000000014e-01,0.000000000000000000e+00
9.096887688887747458e+01,9.499292535296942219e+01,0.000000000000000000e+00,1.000000000000000000e+00,0.000000000000000000e+00
9.096887688887747458e+01,9.851118184752384366e+01,0.000000000000000000e+00,1.000000000000000000e+00,0.000000000000000000e+00
9.096887688887747458e+01,1.020294383420782651e+02,8.915300000000000447e-01,3.242399999999999727e-01,0.000000000000000000e+00
9.278825442665501555e+01,1.759128247277211399e+00,4.252000000000000224e-01,6.669899999999999718e-01,0.000000000000000000e+00
9.278825442665501555e+01,5.277384741831633974e+00,8.669799999999998619e-01,3.373800000000000132e-01,0.000000000000000000e+00
9.278825442665501555e+01,8.795641236386057216e+00,-3.263349999999999862e-01,2.462649999999999562e-01,0.000000000000000000e+00
9.278825442665501555e+01,1.231389773094048046e+01,0.000000000000000000e+00,1.000000000000000000e+00,0.000000000000000000e+00
9.278825442665501555e+01,1.583215422549490192e+01,4.508349999999999858e-01,6.368549999999999489e-01,0.000000000000000000e+00
9.278825442665501555e+01,1.935041072004932516e+01,-8.916399999999999881e-01,-2.848999999999999866e-01,0.000000000000000000e+00
9.278825442665501555e+01,2.286866721460374663e+01,7.803750000000000409e-01,3.851700000000000124e-01,0.000000000000000000e+00
9.278825442665501555e+01,2.638692370915817165e+01,8.673999999999998378e-01,-1.122600000000000264e-01,0.000000000000000000e+00
9.278825442665501555e+01,2.990518020371259311e+01,0.000000000000000000e+00,1.000000000000000000e+00,0.000000000000000000e+00
9.278825442665501555e+01,3.342343669826701813e+01,0.000000000000000000e+00,1.000000000000000000e+00,0.000000000000000000e+00
9.278825442665501555e+01,3.694169319282143960e+01,0.000000000000000000e+00,1.000000000000000000e+00,0.000000000000000000e+00
9.278825442665501555e+01,4.045994968737586106e+01,0.000000000000000000e+00,1.000000000000000000e+00,0.000000000000000000e+00
9.278825442665501555e+01,4.397820618193028253e+01,0.000000000000000000e+00,1.000000000000000000e+00,0.000000000000000000e+00
9.278825442665501555e+01,4.749646267648471110e+01,-7.845600000000000351e-01,-3.697099999999999831e-01,0.000000000000000000e+00
9.278825442665501555e+01,5.101471917103913256e+01,-8.884199999999999875e-01,-2.900249999999999773e-01,0.000000000000000000e+00
9.278825442665501555e+01,5.453297566559355403e+01,-8.242500000000000382e-01,-2.857600000000000140e-01,0.000000000000000000e+00
9.278825442665501555e+01,5.805123216014797549e+01,3.463600000000000012e-01,2.060049999999999937e-01,0.000000000000000000e+00
9.278825442665501555e+01,6.156948865470239696e+01,0.000000000000000000e+00,1.000000000000000000e+00,0.000000000000000000e+00
9.278825442665501555e+01,6.508774514925681842e+01,0.000000000000000000e+00,1.000000000000000000e+00,0.000000000000000000e+00
9.278825442665501555e+01,6.860600164381123989e+01,0.000000000000000000e+00,1.000000000000000000e+00,0.000000000000000000e+00
9.278825442665501555e+01,7.212425813836566135e+01,3.507549999999999835e-01,8.519250000000000433e-01,0.000000000000000000e+00
9.278825442665501555e+01,7.564251463292009703e+01,0.000000000000000000e+00,1.000000000000000000e+00,0.000000000000000000e+00
9.278825442665501555e+01,7.916077112747451849e+01,-4.453850000000000170e-02,9.979949999999999655e-01,0.000000000000000000e+00
9.278825442665501555e+01,8.267902762202893996e+01,0.000000000000000000e+00,1.000000000000000000e+00,0.000000000000000000e+00
9.278825442665501555e+01,8.619728411658336142e+01,0.000000000000000000e+00,1.000000000000000000e+00,0.000000000000000000e+00
9.278825442665501555e+01,8.971554061113778289e+01,0.000000000000000000e+00,1.000000000000000000e+00,0.000000000000000000e+00
9.278825442665501555e+01,9.499292535296942219e+01,-7.461299999999998489e-01,6.496699999999999697e-01,0.000000000000000000e+00
9.278825442665501555e+01,9.851118184752384366e+01,0.000000000000000000e+00,1.000000000000000000e+00,0.000000000000000000e+00
9.278825442665501555e+01,1.020294383420782651e+02,0.000000000000000000e+00,1.000000000000000000e+00,0.000000000000000000e+00
9.460763196443257073e+01,1.759128247277211399e+00,-4.460999999999999688e-02,9.704599999999999893e-01,0.000000000000000000e+00
9.460763196443257073e+01,5.277384741831633974e+00,-1.564999999999999725e-01,9.869500000000001050e-01,0.000000000000000000e+00
9.460763196443257073e+01,8.795641236386057216e+00,3.880000000000000115e-01,8.051549999999999541e-01,0.000000000000000000e+00
9.460763196443257073e+01,1.231389773094048046e+01,0.000000000000000000e+00,1.000000000000000000e+00,0.000000000000000000e+00
9.460763196443257073e+01,1.583215422549490192e+01,-4.613550000000000151e-01,5.120244999999999935e-01,0.000000000000000000e+00
9.460763196443257073e+01,1.935041072004932516e+01,0.000000000000000000e+00,1.000000000000000000e+00,0.000000000000000000e+00
9.460763196443257073e+01,2.286866721460374663e+01,0.000000000000000000e+00,1.000000000000000000e+00,0.000000000000000000e+00
9.460763196443257073e+01,2.638692370915817165e+01,0.000000000000000000e+00,1.000000000000000000e+00,0.000000000000000000e+00
9.460763196443257073e+01,2.990518020371259311e+01,-3.832849999999999868e-01,6.876500000000000945e-01,0.000000000000000000e+00
9.460763196443257073e+01,3.342343669826701813e+01,-7.889500000000000401e-01,4.788999999999999924e-01,0.000000000000000000e+00
9.460763196443257073e+01,3.694169319282143960e+01,-8.998000000000005993e-02,-5.988500000000001461e-02,0.000000000000000000e+00
9.460763196443257073e+01,4.045994968737586106e+01,7.734499999999998598e-01,-2.404600000000000903e-01,0.000000000000000000e+00
9.460763196443257073e+01,4.397820618193028253e+01,-4.329600000000000115e-01,5.328109999999999236e-01,0.000000000000000000e+00
9.460763196443257073e+01,4.749646267648471110e+01,0.000000000000000000e+00,1.000000000000000000e+00,0.000000000000000000e+00
9.460763196443257073e+01,5.101471917103913256e+01,0.000000000000000000e+00,1.000000000000000000e+00,0.000000000000000000e+00
9.460763196443257073e+01,5.453297566559355403e+01,0.000000000000000000e+00,1.000000000000000000e+00,0.000000000000000000e+00
9.460763196443257073e+01,5.805123216014797549e+01,-4.358750000000000124e-01,6.220300000000000828e-01,0.000000000000000000e+00
9.460763196443257073e+01,6.156948865470239696e+01,-9.503500000000000281e-01,2.266700000000000381e-01,0.000000000000000000e+00
9.460763196443257073e+01,6.508774514925681842e+01,4.185699999999999976e-01,2.826549999999999896e-01,0.000000000000000000e+00
9.460763196443257073e+01,6.860600164381123989e+01,-7.320100000000000495e-01,5.432500000000000107e-01,0.000000000000000000e+00
9.460763196443257073e+01,7.212425813836566135e+01,-5.891950000000000243e-01,5.391500000000000181e-01,0.000000000000000000e+00
9.460763196443257073e+01,7.564251463292009703e+01,5.543200000000000349e-01,-5.696600000000000552e-01,0.000000000000000000e+00
9.460763196443257073e+01,7.916077112747451849e+01,0.000000000000000000e+00,1.000000000000000000e+00,0.000000000000000000e+00
9.460763196443257073e+01,8.267902762202893996e+01,0.000000000000000000e+00,1.000000000000000000e+00,0.000000000000000000e+00
9.460763196443257073e+01,8.619728411658336142e+01,-4.537050000000000249e-01,5.579699999999999660e-01,0.000000000000000000e+00
9.460763196443257073e+01,8.971554061113778289e+01,-9.494899999999999451e-01,1.336199999999999610e-01,0.000000000000000000e+00
9.460763196443257073e+01,9.323379710569220435e+01,4.676500000000000101e-01,4.616089999999999360e-01,0.000000000000000000e+00
9.460763196443257073e+01,9.675205360024662582e+01,0.000000000000000000e+00,1.000000000000000000e+00,0.000000000000000000e+00
9.460763196443257073e+01,1.002703100948010473e+02,-4.401100000000000012e-01,5.039000000000000146e-01,0.000000000000000000e+00
9.460763196443257073e+01,1.037885665893554688e+02,-8.740599999999998371e-01,4.031000000000000139e-01,0.000000000000000000e+00
9.642700950221011169e+01,3.518256494554422797e+00,-4.658349999999999991e-01,5.705400000000000471e-01,0.000000000000000000e+00
9.642700950221011169e+01,7.036512989108845595e+00,0.000000000000000000e+00,1.000000000000000000e+00,0.000000000000000000e+00
9.642700950221011169e+01,1.055476948366326795e+01,-1.705349999999999921e-01,9.463099999999999845e-01,0.000000000000000000e+00
9.642700950221011169e+01,1.407302597821769119e+01,-9.018500000000000405e-01,3.710600000000000009e-01,0.000000000000000000e+00
9.642700950221011169e+01,1.759128247277211443e+01,4.680400000000000116e-01,5.895200000000000440e-01,0.000000000000000000e+00
9.642700950221011169e+01,2.110953896732653590e+01,9.898299999999999876e-01,-1.303099999999999259e-01,0.000000000000000000e+00
9.642700950221011169e+01,2.462779546188096091e+01,-2.809199999999999892e-02,7.016000000000000014e-02,0.000000000000000000e+00
9.642700950221011169e+01,2.814605195643538238e+01,0.000000000000000000e+00,1.000000000000000000e+00,0.000000000000000000e+00
9.642700950221011169e+01,3.166430845098980384e+01,4.799610000000000265e-01,-3.677949999999999831e-01,0.000000000000000000e+00
9.642700950221011169e+01,3.518256494554422886e+01,9.058600000000001096e-01,1.715299999999999603e-01,0.000000000000000000e+00
9.642700950221011169e+01,3.870082144009865033e+01,4.523099999999999898e-01,7.023649999999999061e-01,0.000000000000000000e+00
9.642700950221011169e+01,4.221907793465307179e+01,0.000000000000000000e+00,1.000000000000000000e+00,0.000000000000000000e+00
9.642700950221011169e+01,4.573733442920749326e+01,-4.589349999999999818e-01,3.918599999999999861e-01,0.000000000000000000e+00
9.642700950221011169e+01,4.925559092376192183e+01,0.000000000000000000e+00,1.000000000000000000e+00,0.000000000000000000e+00
9.642700950221011169e+01,5.277384741831634329e+01,-3.877849999999999908e-01,2.939100000000000046e-01,0.000000000000000000e+00
9.642700950221011169e+01,5.629210391287076476e+01,0.000000000000000000e+00,1.000000000000000000e+00,0.000000000000000000e+00
9.642700950221011169e+01,5.981036040742518622e+01,4.824700000000000100e-01,5.663949999999999818e-01,0.000000000000000000e+00
9.642700950221011169e+01,6.332861690197960769e+01,-8.317200000000000149e-01,-3.479000000000000981e-01,0.000000000000000000e+00
9.642700950221011169e+01,6.684687339653403626e+01,-8.023400000000000531e-01,-3.989349999999999841e-01,0.000000000000000000e+00
9.642700950221011169e+01,7.036512989108845773e+01,7.522100000000000453e-01,-3.164400000000000546e-01,0.000000000000000000e+00
9.642700950221011169e+01,7.388338638564287919e+01,0.000000000000000000e+00,1.000000000000000000e+00,0.000000000000000000e+00
9.642700950221011169e+01,7.740164288019730066e+01,0.000000000000000000e+00,1.000000000000000000e+00,0.000000000000000000e+00
9.642700950221011169e+01,8.091989937475172212e+01,0.000000000000000000e+00,1.000000000000000000e+00,0.000000000000000000e+00
9.642700950221011169e+01,8.443815586930614359e+01,0.000000000000000000e+00,1.000000000000000000e+00,0.000000000000000000e+00
9.642700950221011169e+01,8.795641236386056505e+01,0.000000000000000000e+00,1.000000000000000000e+00,0.000000000000000000e+00
9.642700950221011169e+01,9.147466885841498652e+01,-8.624500000000000499e-01,-2.984100000000000641e-01,0.000000000000000000e+00
9.642700950221011169e+01,9.499292535296942219e+01,4.170949999999999935e-01,7.204049999999999621e-01,0.000000000000000000e+00
9.642700950221011169e+01,9.851118184752384366e+01,0.000000000000000000e+00,1.000000000000000000e+00,0.000000000000000000e+00
9.642700950221011169e+01,1.020294383420782651e+02,0.000000000000000000e+00,1.000000000000000000e+00,0.000000000000000000e+00
9.824638703998766687e+01,1.759128247277211399e+00,0.000000000000000000e+00,1.000000000000000000e+00,0.000000000000000000e+00
9.824638703998766687e+01,5.277384741831633974e+00,0.000000000000000000e+00,1.000000000000000000e+00,1.000000000000000000e+00
9.824638703998766687e+01,8.795641236386057216e+00,0.000000000000000000e+00,1.000000000000000000e+00,1.000000000000000000e+00
9.824638703998766687e+01,1.231389773094048046e+01,0.000000000000000000e+00,1.000000000000000000e+00,1.000000000000000000e+00
9.824638703998766687e+01,1.583215422549490192e+01,0.000000000000000000e+00,1.000000000000000000e+00,1.000000000000000000e+00
9.824638703998766687e+01,1.935041072004932516e+01,0.000000000000000000e+00,1.000000000000000000e+00,1.000000000000000000e+00
9.824638703998766687e+01,2.286866721460374663e+01,0.000000000000000000e+00,1.000000000000000000e+00,1.000000000000000000e+00
9.824638703998766687e+01,2.638692370915817165e+01,4.583550000000000124e-02,9.956599999999999895e-01,0.000000000000000000e+00
9.824638703998766687e+01,2.990518020371259311e+01,0.000000000000000000e+00,1.000000000000000000e+00,0.000000000000000000e+00
9.824638703998766687e+01,3.518256494554422886e+01,0.000000000000000000e+00,1.000000000000000000e+00,0.000000000000000000e+00
9.824638703998766687e+01,3.870082144009865033e+01,0.000000000000000000e+00,1.000000000000000000e+00,0.000000000000000000e+00
9.824638703998766687e+01,4.221907793465307179e+01,0.000000000000000000e+00,1.000000000000000000e+00,0.000000000000000000e+00
9.824638703998766687e+01,4.573733442920749326e+01,-9.157999999999999474e-02,9.753349999999999520e-01,0.000000000000000000e+00
9.824638703998766687e+01,4.925559092376192183e+01,2.958700000000000219e-01,9.548900000000000166e-01,0.000000000000000000e+00
9.824638703998766687e+01,5.277384741831634329e+01,9.285600000000000520e-01,-1.016584999999999989e-01,0.000000000000000000e+00
9.824638703998766687e+01,5.629210391287076476e+01,0.000000000000000000e+00,1.000000000000000000e+00,0.000000000000000000e+00
9.824638703998766687e+01,5.981036040742518622e+01,0.000000000000000000e+00,1.000000000000000000e+00,0.000000000000000000e+00
9.824638703998766687e+01,6.332861690197960769e+01,0.000000000000000000e+00,1.000000000000000000e+00,0.000000000000000000e+00
9.824638703998766687e+01,6.684687339653403626e+01,0.000000000000000000e+00,1.000000000000000000e+00,0.000000000000000000e+00
9.824638703998766687e+01,7.036512989108845773e+01,0.000000000000000000e+00,1.000000000000000000e+00,0.000000000000000000e+00
9.824638703998766687e+01,7.388338638564287919e+01,0.000000000000000000e+00,1.000000000000000000e+00,0.000000000000000000e+00
9.824638703998766687e+01,7.740164288019730066e+01,6.835400000000000365e-01,-5.038700000000000401e-01,0.000000000000000000e+00
9.824638703998766687e+01,8.091989937475172212e+01,6.197999999999991710e-02,2.095500000000000140e-02,0.000000000000000000e+00
9.824638703998766687e+01,8.443815586930614359e+01,-6.757300000000000528e-01,5.044800000000000395e-01,0.000000000000000000e+00
9.824638703998766687e+01,8.795641236386056505e+01,-4.088950000000000085e-01,4.031199999999999783e-01,0.000000000000000000e+00
9.824638703998766687e+01,9.147466885841498652e+01,0.000000000000000000e+00,1.000000000000000000e+00,0.000000000000000000e+00
9.824638703998766687e+01,9.499292535296942219e+01,0.000000000000000000e+00,1.000000000000000000e+00,0.000000000000000000e+00
9.824638703998766687e+01,9.851118184752384366e+01,0.000000000000000000e+00,1.000000000000000000e+00,0.000000000000000000e+00
9.824638703998766687e+01,1.020294383420782651e+02,-4.285399999999999765e-01,7.002500000000000391e-01,0.000000000000000000e+00
1.000657645777652220e+02,1.759128247277211399e+00,-7.578500000000000236e-01,-3.848799999999999444e-01,0.000000000000000000e+00
1.000657645777652220e+02,5.277384741831633974e+00,0.000000000000000000e+00,1.000000000000000000e+00,0.000000000000000000e+00
1.000657645777652220e+02,8.795641236386057216e+00,0.000000000000000000e+00,1.000000000000000000e+00,0.000000000000000000e+00
1.000657645777652220e+02,1.231389773094048046e+01,0.000000000000000000e+00,1.000000000000000000e+00,0.000000000000000000e+00
1.000657645777652220e+02,1.583215422549490192e+01,0.000000000000000000e+00,1.000000000000000000e+00,1.000000000000000000e+00
1.000657645777652220e+02,1.935041072004932516e+01,4.170349999999999890e-01,3.234499999999999598e-01,1.000000000000000000e+00
1.000657645777652220e+02,2.286866721460374663e+01,-9.022900000000000365e-01,3.382000000000000561e-01,1.000000000000000000e+00
1.000657645777652220e+02,2.638692370915817165e+01,-4.251150000000000206e-01,7.150900000000000034e-01,1.000000000000000000e+00
1.000657645777652220e+02,2.990518020371259311e+01,-7.295000000000000373e-01,5.484799999999999676e-01,1.000000000000000000e+00
1.000657645777652220e+02,3.342343669826701813e+01,-4.797950000000000270e-01,6.010900000000000132e-01,1.000000000000000000e+00
1.000657645777652220e+02,3.694169319282143960e+01,-1.152200000000000030e-01,7.477399999999998492e-01,1.000000000000000000e+00
1.000657645777652220e+02,4.045994968737586106e+01,0.000000000000000000e+00,1.000000000000000000e+00,0.000000000000000000e+00
1.000657645777652220e+02,4.397820618193028253e+01,0.000000000000000000e+00,1.000000000000000000e+00,0.000000000000000000e+00
1.000657645777652220e+02,4.749646267648471110e+01,-4.737000000000000099e-01,5.654850000000000154e-01,0.000000000000000000e+00
1.000657645777652220e+02,5.101471917103913256e+01,0.000000000000000000e+00,1.000000000000000000e+00,1.000000000000000000e+00
1.000657645777652220e+02,5.453297566559355403e+01,4.777649999999999952e-01,3.552950000000000275e-01,0.000000000000000000e+00
1.000657645777652220e+02,5.805123216014797549e+01,0.000000000000000000e+00,1.000000000000000000e+00,0.000000000000000000e+00
1.000657645777652220e+02,6.156948865470239696e+01,-4.796000000000000263e-01,4.128749999999999920e-01,0.000000000000000000e+00
1.000657645777652220e+02,6.508774514925681842e+01,0.000000000000000000e+00,1.000000000000000000e+00,0.000000000000000000e+00
1.000657645777652220e+02,6.860600164381123989e+01,4.913399999999999990e-01,4.952664500000000247e-01,0.000000000000000000e+00
1.000657645777652220e+02,7.212425813836566135e+01,0.000000000000000000e+00,1.000000000000000000e+00,0.000000000000000000e+00
1.000657645777652220e+02,7.564251463292009703e+01,4.444949999999999735e-01,6.691000000000000281e-01,0.000000000000000000e+00
1.000657645777652220e+02,7.916077112747451849e+01,9.053200000000000136e-01,2.068399999999999961e-01,0.000000000000000000e+00
1.000657645777652220e+02,8.267902762202893996e+01,3.321000000000000063e-01,7.420750000000000401e-01,0.000000000000000000e+00
1.000657645777652220e+02,8.619728411658336142e+01,7.781000000000000139e-01,2.001400000000000123e-01,0.000000000000000000e+00
1.000657645777652220e+02,8.971554061113778289e+01,0.000000000000000000e+00,1.000000000000000000e+00,0.000000000000000000e+00
1.000657645777652220e+02,9.323379710569220435e+01,0.000000000000000000e+00,1.000000000000000000e+00,0.000000000000000000e+00
1.000657645777652220e+02,9.675205360024662582e+01,0.000000000000000000e+00,1.000000000000000000e+00,0.000000000000000000e+00
1.000657645777652220e+02,1.002703100948010473e+02,0.000000000000000000e+00,1.000000000000000000e+00,0.000000000000000000e+00
1.000657645777652220e+02,1.037885665893554688e+02,0.000000000000000000e+00,1.000000000000000000e+00,0.000000000000000000e+00
1.018851421155427630e+02,3.518256494554422797e+00,0.000000000000000000e+00,1.000000000000000000e+00,1.000000000000000000e+00
1.018851421155427630e+02,7.036512989108845595e+00,4.284250000000000003e-01,6.388449999999999962e-01,1.000000000000000000e+00
1.018851421155427630e+02,1.055476948366326795e+01,0.000000000000000000e+00,1.000000000000000000e+00,0.000000000000000000e+00
1.018851421155427630e+02,1.407302597821769119e+01,0.000000000000000000e+00,1.000000000000000000e+00,0.000000000000000000e+00
1.018851421155427630e+02,1.759128247277211443e+01,8.735300000000000287e-01,2.835600000000000342e-01,0.000000000000000000e+00
1.018851421155427630e+02,2.110953896732653590e+01,-4.376849999999999907e-01,3.529800000000000160e-01,0.000000000000000000e+00
1.018851421155427630e+02,2.462779546188096091e+01,-7.133699999999999486e-01,-5.812900000000000844e-01,0.000000000000000000e+00
1.018851421155427630e+02,2.814605195643538238e+01,3.639850000000000030e-01,3.306799999999999740e-01,1.000000000000000000e+00
1.018851421155427630e+02,3.166430845098980384e+01,0.000000000000000000e+00,1.000000000000000000e+00,1.000000000000000000e+00
1.018851421155427630e+02,3.518256494554422886e+01,0.000000000000000000e+00,1.000000000000000000e+00,1.000000000000000000e+00
1.018851421155427630e+02,3.870082144009865033e+01,0.000000000000000000e+00,1.000000000000000000e+00,0.000000000000000000e+00
1.018851421155427630e+02,4.221907793465307179e+01,4.113850000000000007e-01,5.250010000000000510e-01,0.000000000000000000e+00
1.018851421155427630e+02,4.573733442920749326e+01,0.000000000000000000e+00,1.000000000000000000e+00,0.000000000000000000e+00
1.018851421155427630e+02,4.925559092376192183e+01,0.000000000000000000e+00,1.000000000000000000e+00,0.000000000000000000e+00
1.018851421155427630e+02,5.277384741831634329e+01,9.237900000000000000e-01,1.781800000000000050e-01,0.000000000000000000e+00
1.018851421155427630e+02,5.629210391287076476e+01,2.886400000000000077e-01,9.025499999999999634e-01,0.000000000000000000e+00
1.018851421155427630e+02,5.981036040742518622e+01,0.000000000000000000e+00,1.000000000000000000e+00,0.000000000000000000e+00
1.018851421155427630e+02,6.332861690197960769e+01,0.000000000000000000e+00,1.000000000000000000e+00,0.000000000000000000e+00
1.018851421155427630e+02,6.684687339653403626e+01,0.000000000000000000e+00,1.000000000000000000e+00,0.000000000000000000e+00
1.018851421155427630e+02,7.036512989108845773e+01,8.426999999999998381e-02,9.927449999999999886e-01,0.000000000000000000e+00
1.018851421155427630e+02,7.388338638564287919e+01,0.000000000000000000e+00,1.000000000000000000e+00,0.000000000000000000e+00
1.018851421155427630e+02,7.916077112747451849e+01,0.000000000000000000e+00,1.000000000000000000e+00,0.000000000000000000e+00
1.018851421155427630e+02,8.267902762202893996e+01,0.000000000000000000e+00,1.000000000000000000e+00,0.000000000000000000e+00
1.018851421155427630e+02,8.619728411658336142e+01,0.000000000000000000e+00,1.000000000000000000e+00,0.000000000000000000e+00
1.018851421155427630e+02,8.971554061113778289e+01,3.429249999999999660e-02,9.988249999999999629e-01,0.000000000000000000e+00
1.018851421155427630e+02,9.323379710569220435e+01,-2.134399999999999908e-01,9.080099999999999838e-01,0.000000000000000000e+00
1.018851421155427630e+02,9.675205360024662582e+01,0.000000000000000000e+00,1.000000000000000000e+00,0.000000000000000000e+00
1.018851421155427630e+02,1.002703100948010473e+02,0.000000000000000000e+00,1.000000000000000000e+00,0.000000000000000000e+00
1.018851421155427630e+02,1.037885665893554688e+02,0.000000000000000000e+00,1.000000000000000000e+00,0.000000000000000000e+00
1.037045196533203182e+02,3.518256494554422797e+00,0.000000000000000000e+00,1.000000000000000000e+00,0.000000000000000000e+00
1.037045196533203182e+02,7.036512989108845595e+00,-3.249099999999999766e-01,8.120399999999999840e-01,0.000000000000000000e+00
1.037045196533203182e+02,1.055476948366326795e+01,8.617899999999998339e-01,-2.044200000000000461e-01,0.000000000000000000e+00
1.037045196533203182e+02,1.407302597821769119e+01,0.000000000000000000e+00,1.000000000000000000e+00,0.000000000000000000e+00
1.037045196533203182e+02,1.759128247277211443e+01,0.000000000000000000e+00,1.000000000000000000e+00,0.000000000000000000e+00
1.037045196533203182e+02,2.110953896732653590e+01,0.000000000000000000e+00,1.000000000000000000e+00,0.000000000000000000e+00
1.037045196533203182e+02,2.462779546188096091e+01,0.000000000000000000e+00,1.000000000000000000e+00,0.000000000000000000e+00
1.037045196533203182e+02,2.814605195643538238e+01,0.000000000000000000e+00,1.000000000000000000e+00,0.000000000000000000e+00
1.037045196533203182e+02,3.166430845098980384e+01,0.000000000000000000e+00,1.000000000000000000e+00,0.000000000000000000e+00
1.037045196533203182e+02,3.518256494554422886e+01,0.000000000000000000e+00,1.000000000000000000e+00,0.000000000000000000e+00
1.037045196533203182e+02,3.870082144009865033e+01,-6.538800000000000168e-01,4.941800000000000637e-01,0.000000000000000000e+00
1.037045196533203182e+02,4.221907793465307179e+01,8.881500000000010220e-02,1.037350000000000216e-01,0.000000000000000000e+00
1.037045196533203182e+02,4.573733442920749326e+01,-7.481200000000000072e-01,-3.422000000000000597e-01,0.000000000000000000e+00
1.037045196533203182e+02,4.925559092376192183e+01,-4.162699999999999734e-01,5.368195000000000050e-01,0.000000000000000000e+00
1.037045196533203182e+02,5.277384741831634329e+01,0.000000000000000000e+00,1.000000000000000000e+00,0.000000000000000000e+00
1.037045196533203182e+02,5.629210391287076476e+01,0.000000000000000000e+00,1.000000000000000000e+00,0.000000000000000000e+00
1.037045196533203182e+02,5.981036040742518622e+01,0.000000000000000000e+00,1.000000000000000000e+00,0.000000000000000000e+00
1.037045196533203182e+02,6.332861690197960769e+01,-4.216550000000000020e-01,6.944399999999999462e-01,0.000000000000000000e+00
1.037045196533203182e+02,6.684687339653403626e+01,0.000000000000000000e+00,1.000000000000000000e+00,0.000000000000000000e+00
1.037045196533203182e+02,7.036512989108845773e+01,-3.979249999999999732e-01,7.468749999999998446e-01,0.000000000000000000e+00
1.037045196533203182e+02,7.388338638564287919e+01,-7.892700000000000271e-01,4.658100000000000573e-01,0.000000000000000000e+00
1.037045196533203182e+02,7.740164288019730066e+01,-4.335849999999999982e-01,6.922000000000000375e-01,0.000000000000000000e+00
1.037045196533203182e+02,8.091989937475172212e+01,7.194099999999999939e-01,-5.493799999999999795e-01,0.000000000000000000e+00
1.037045196533203182e+02,8.443815586930614359e+01,0.000000000000000000e+00,1.000000000000000000e+00,0.000000000000000000e+00
1.037045196533203182e+02,8.795641236386056505e+01,0.000000000000000000e+00,1.000000000000000000e+00,0.000000000000000000e+00
1.037045196533203182e+02,9.147466885841498652e+01,-4.882500000000000173e-01,5.953199999999999603e-01,0.000000000000000000e+00
1.037045196533203182e+02,9.499292535296942219e+01,-9.990900000000000336e-01,4.184999999999999831e-02,0.000000000000000000e+00
1.037045196533203182e+02,9.851118184752384366e+01,4.999950000000000228e-01,4.985316499999999929e-01,0.000000000000000000e+00
1.037045196533203182e+02,1.020294383420782651e+02,0.000000000000000000e+00,1.000000000000000000e+00,0.000000000000000000e+00
1.055238971910978591e+02,1.759128247277211399e+00,-4.966700000000000004e-01,5.559699999999999642e-01,0.000000000000000000e+00
1.055238971910978591e+02,5.277384741831633974e+00,-9.897200000000000442e-01,-1.433799999999998791e-02,0.000000000000000000e+00
1.055238971910978591e+02,8.795641236386057216e+00,4.912599999999999745e-01,5.203609999999999625e-01,0.000000000000000000e+00
1.055238971910978591e+02,1.231389773094048046e+01,0.000000000000000000e+00,1.000000000000000000e+00,0.000000000000000000e+00
1.055238971910978591e+02,1.583215422549490192e+01,4.728450000000000153e-01,5.796499999999999986e-01,0.000000000000000000e+00
1.055238971910978591e+02,1.935041072004932516e+01,0.000000000000000000e+00,1.000000000000000000e+00,0.000000000000000000e+00
1.055238971910978591e+02,2.286866721460374663e+01,3.977600000000000025e-01,7.047900000000000276e-01,0.000000000000000000e+00
1.055238971910978591e+02,2.638692370915817165e+01,0.000000000000000000e+00,1.000000000000000000e+00,0.000000000000000000e+00
1.055238971910978591e+02,2.990518020371259311e+01,-4.855099999999999971e-01,4.866334999999999966e-01,0.000000000000000000e+00
1.055238971910978591e+02,3.342343669826701813e+01,8.974100000000000410e-01,3.128400000000000070e-01,0.000000000000000000e+00
1.055238971910978591e+02,3.694169319282143960e+01,8.122800000000000020e-01,3.558900000000000396e-01,0.000000000000000000e+00
1.055238971910978591e+02,4.045994968737586106e+01,8.778700000000000392e-01,7.847700000000003284e-02,0.000000000000000000e+00
1.055238971910978591e+02,4.397820618193028253e+01,-3.655100000000000016e-01,2.717249999999999943e-01,0.000000000000000000e+00
1.055238971910978591e+02,4.749646267648471110e+01,0.000000000000000000e+00,1.000000000000000000e+00,0.000000000000000000e+00
1.055238971910978591e+02,5.101471917103913256e+01,0.000000000000000000e+00,1.000000000000000000e+00,0.000000000000000000e+00
1.055238971910978591e+02,5.453297566559355403e+01,0.000000000000000000e+00,1.000000000000000000e+00,0.000000000000000000e+00
1.055238971910978591e+02,5.805123216014797549e+01,0.000000000000000000e+00,1.000000000000000000e+00,0.000000000000000000e+00
1.055238971910978591e+02,6.156948865470239696e+01,9.556599999999998429e-01,1.914599999999999913e-01,0.000000000000000000e+00
1.055238971910978591e+02,6.508774514925681842e+01,4.463799999999999990e-01,6.488599999999999923e-01,0.000000000000000000e+00
1.055238971910978591e+02,6.860600164381123989e+01,7.023599999999999843e-01,5.641000000000000458e-01,0.000000000000000000e+00
1.055238971910978591e+02,7.212425813836566135e+01,-3.958949999999999969e-01,4.352599999999999802e-01,0.000000000000000000e+00
1.055238971910978591e+02,7.564251463292009703e+01,0.000000000000000000e+00,1.000000000000000000e+00,0.000000000000000000e+00
1.055238971910978591e+02,7.916077112747451849e+01,0.000000000000000000e+00,1.000000000000000000e+00,0.000000000000000000e+00
1.055238971910978591e+02,8.267902762202893996e+01,0.000000000000000000e+00,1.000000000000000000e+00,0.000000000000000000e+00
1.055238971910978591e+02,8.619728411658336142e+01,4.141050000000000009e-01,7.641249999999998321e-01,0.000000000000000000e+00
1.055238971910978591e+02,8.971554061113778289e+01,0.000000000000000000e+00,1.000000000000000000e+00,0.000000000000000000e+00
1.055238971910978591e+02,9.323379710569220435e+01,-4.514750000000000152e-01,6.979100000000000303e-01,0.000000000000000000e+00
1.055238971910978591e+02,9.675205360024662582e+01,0.000000000000000000e+00,1.000000000000000000e+00,0.000000000000000000e+00
1.055238971910978591e+02,1.002703100948010473e+02,3.286399999999999877e-01,8.576399999999998469e-01,0.000000000000000000e+00
1.055238971910978591e+02,1.037885665893554688e+02,0.000000000000000000e+00,1.000000000000000000e+00,0.000000000000000000e+00
1.073432747288754143e+02,3.518256494554422797e+00,0.000000000000000000e+00,1.000000000000000000e+00,0.000000000000000000e+00
1.073432747288754143e+02,7.036512989108845595e+00,0.000000000000000000e+00,1.000000000000000000e+00,0.000000000000000000e+00
1.073432747288754143e+02,1.055476948366326795e+01,1.311350000000000016e-01,9.813100000000000156e-01,0.000000000000000000e+00
1.073432747288754143e+02,1.407302597821769119e+01,-3.164799999999999836e-01,8.420699999999999852e-01,0.000000000000000000e+00
1.073432747288754143e+02,1.935041072004932516e+01,0.000000000000000000e+00,1.000000000000000000e+00,0.000000000000000000e+00
1.073432747288754143e+02,2.286866721460374663e+01,0.000000000000000000e+00,1.000000000000000000e+00,0.000000000000000000e+00
1.073432747288754143e+02,2.638692370915817165e+01,-6.405399999999999983e-01,7.670200000000000351e-01,0.000000000000000000e+00
1.073432747288754143e+02,2.990518020371259311e+01,0.000000000000000000e+00,1.000000000000000000e+00,0.000000000000000000e+00
1.073432747288754143e+02,3.342343669826701813e+01,0.000000000000000000e+00,1.000000000000000000e+00,0.000000000000000000e+00
1.073432747288754143e+02,3.694169319282143960e+01,0.000000000000000000e+00,1.000000000000000000e+00,0.000000000000000000e+00
1.073432747288754143e+02,4.045994968737586106e+01,0.000000000000000000e+00,1.000000000000000000e+00,0.000000000000000000e+00
1.073432747288754143e+02,4.397820618193028253e+01,0.000000000000000000e+00,1.000000000000000000e+00,0.000000000000000000e+00
1.073432747288754143e+02,4.749646267648471110e+01,0.000000000000000000e+00,1.000000000000000000e+00,0.000000000000000000e+00
1.073432747288754143e+02,5.101471917103913256e+01,0.000000000000000000e+00,1.000000000000000000e+00,0.000000000000000000e+00
1.073432747288754143e+02,5.453297566559355403e+01,8.110100000000000087e-01,-3.523000000000000576e-01,0.000000000000000000e+00
1.073432747288754143e+02,5.805123216014797549e+01,-3.683600000000000207e-01,3.197650000000000214e-01,0.000000000000000000e+00
1.073432747288754143e+02,6.156948865470239696e+01,0.000000000000000000e+00,1.000000000000000000e+00,0.000000000000000000e+00
1.073432747288754143e+02,6.508774514925681842e+01,0.000000000000000000e+00,1.000000000000000000e+00,0.000000000000000000e+00
1.073432747288754143e+02,6.860600164381123989e+01,0.000000000000000000e+00,1.000000000000000000e+00,0.000000000000000000e+00
1.073432747288754143e+02,7.212425813836566135e+01,-4.068300000000000249e-01,6.022250000000000103e-01,0.000000000000000000e+00
1.073432747288754143e+02,7.564251463292009703e+01,0.000000000000000000e+00,1.000000000000000000e+00,0.000000000000000000e+00
1.073432747288754143e+02,7.916077112747451849e+01,0.000000000000000000e+00,1.000000000000000000e+00,0.000000000000000000e+00
1.073432747288754143e+02,8.267902762202893996e+01,-7.972099999999998632e-01,4.672299999999999787e-01,0.000000000000000000e+00
1.073432747288754143e+02,8.619728411658336142e+01,-8.139999999999999458e-01,3.959050000000000069e-01,0.000000000000000000e+00
1.073432747288754143e+02,8.971554061113778289e+01,5.566100000000000492e-01,-5.472700000000001452e-01,0.000000000000000000e+00
1.073432747288754143e+02,9.323379710569220435e+01,-4.293750000000000067e-01,4.869355000000000211e-01,0.000000000000000000e+00
1.073432747288754143e+02,9.675205360024662582e+01,0.000000000000000000e+00,1.000000000000000000e+00,0.000000000000000000e+00
1.073432747288754143e+02,1.002703100948010473e+02,-4.423549999999999982e-01,6.840200000000000724e-01,0.000000000000000000e+00
1.073432747288754143e+02,1.037885665893554688e+02,0.000000000000000000e+00,1.000000000000000000e+00,0.000000000000000000e+00
1.091626522666529695e+02,3.518256494554422797e+00,-7.477599999999999802e-01,3.860350000000000170e-01,0.000000000000000000e+00
1.091626522666529695e+02,7.036512989108845595e+00,-8.024000000000000021e-01,5.526600000000000401e-01,0.000000000000000000e+00
1.091626522666529695e+02,1.055476948366326795e+01,0.000000000000000000e+00,1.000000000000000000e+00,0.000000000000000000e+00
1.091626522666529695e+02,1.407302597821769119e+01,1.867199999999999971e-01,9.484500000000000153e-01,0.000000000000000000e+00
1.091626522666529695e+02,1.759128247277211443e+01,-4.656049999999999911e-01,5.724500000000000144e-01,0.000000000000000000e+00
1.091626522666529695e+02,2.110953896732653590e+01,0.000000000000000000e+00,1.000000000000000000e+00,0.000000000000000000e+00
1.091626522666529695e+02,2.462779546188096091e+01,-1.737999999999999545e-01,5.293099999999999472e-01,0.000000000000000000e+00
1.091626522666529695e+02,2.814605195643538238e+01,0.000000000000000000e+00,1.000000000000000000e+00,0.000000000000000000e+00
1.091626522666529695e+02,3.166430845098980384e+01,-4.398400000000000087e-01,7.004749999999999588e-01,1.000000000000000000e+00
1.091626522666529695e+02,3.518256494554422886e+01,-8.499400000000000288e-01,4.111500000000000155e-01,1.000000000000000000e+00
1.091626522666529695e+02,3.870082144009865033e+01,-4.931099999999999928e-01,5.745500000000000052e-01,1.000000000000000000e+00
1.091626522666529695e+02,4.221907793465307179e+01,0.000000000000000000e+00,1.000000000000000000e+00,1.000000000000000000e+00
1.091626522666529695e+02,4.573733442920749326e+01,4.811449999999999894e-01,6.257300000000000084e-01,1.000000000000000000e+00
1.091626522666529695e+02,4.925559092376192183e+01,9.786799999999999944e-01,3.880699999999998734e-02,1.000000000000000000e+00
1.091626522666529695e+02,5.277384741831634329e+01,4.730500000000000260e-01,5.751749999999999918e-01,1.000000000000000000e+00
1.091626522666529695e+02,5.629210391287076476e+01,-8.989000000000000323e-01,-2.661200000000000232e-01,0.000000000000000000e+00
1.091626522666529695e+02,5.981036040742518622e+01,-3.073249999999999940e-02,4.447099999999999387e-01,0.000000000000000000e+00
1.091626522666529695e+02,6.332861690197960769e+01,0.000000000000000000e+00,1.000000000000000000e+00,0.000000000000000000e+00
1.091626522666529695e+02,6.684687339653403626e+01,4.666784999999999961e-01,5.583449999999999802e-01,0.000000000000000000e+00
1.091626522666529695e+02,7.036512989108845773e+01,0.000000000000000000e+00,1.000000000000000000e+00,0.000000000000000000e+00
1.091626522666529695e+02,7.388338638564287919e+01,0.000000000000000000e+00,1.000000000000000000e+00,0.000000000000000000e+00
1.091626522666529695e+02,7.740164288019730066e+01,8.854999999999998428e-01,3.211200000000000720e-01,0.000000000000000000e+00
1.091626522666529695e+02,8.091989937475172212e+01,8.763400000000000079e-01,3.032900000000000040e-01,0.000000000000000000e+00
1.091626522666529695e+02,8.443815586930614359e+01,-7.486800000000000122e-01,-3.650700000000000056e-01,0.000000000000000000e+00
1.091626522666529695e+02,8.795641236386056505e+01,-1.255399999999999849e-01,2.356159999999999921e-01,0.000000000000000000e+00
1.091626522666529695e+02,9.147466885841498652e+01,0.000000000000000000e+00,1.000000000000000000e+00,0.000000000000000000e+00
1.091626522666529695e+02,9.499292535296942219e+01,0.000000000000000000e+00,1.000000000000000000e+00,0.000000000000000000e+00
1.091626522666529695e+02,9.851118184752384366e+01,0.000000000000000000e+00,1.000000000000000000e+00,0.000000000000000000e+00
1.091626522666529695e+02,1.020294383420782651e+02,4.342150000000000176e-01,5.707200000000000051e-01,0.000000000000000000e+00
1.109820298044305105e+02,1.759128247277211399e+00,8.292500000000000426e-01,-1.771400000000000752e-01,0.000000000000000000e+00
1.109820298044305105e+02,5.277384741831633974e+00,0.000000000000000000e+00,1.000000000000000000e+00,0.000000000000000000e+00
1.109820298044305105e+02,8.795641236386057216e+00,0.000000000000000000e+00,1.000000000000000000e+00,0.000000000000000000e+00
1.109820298044305105e+02,1.231389773094048046e+01,0.000000000000000000e+00,1.000000000000000000e+00,0.000000000000000000e+00
1.109820298044305105e+02,1.583215422549490192e+01,0.000000000000000000e+00,1.000000000000000000e+00,0.000000000000000000e+00
1.109820298044305105e+02,1.935041072004932516e+01,0.000000000000000000e+00,1.000000000000000000e+00,0.000000000000000000e+00
1.109820298044305105e+02,2.286866721460374663e+01,-7.262100000000000222e-01,-4.328500000000000125e-01,0.000000000000000000e+00
1.109820298044305105e+02,2.638692370915817165e+01,-4.393900000000000028e-01,3.045050000000000257e-01,0.000000000000000000e+00
1.109820298044305105e+02,2.990518020371259311e+01,0.000000000000000000e+00,1.000000000000000000e+00,0.000000000000000000e+00
1.109820298044305105e+02,3.342343669826701813e+01,0.000000000000000000e+00,1.000000000000000000e+00,0.000000000000000000e+00
1.109820298044305105e+02,3.694169319282143960e+01,0.000000000000000000e+00,1.000000000000000000e+00,0.000000000000000000e+00
1.109820298044305105e+02,4.045994968737586106e+01,0.000000000000000000e+00,1.000000000000000000e+00,0.000000000000000000e+00
1.109820298044305105e+02,4.397820618193028253e+01,0.000000000000000000e+00,1.000000000000000000e+00,0.000000000000000000e+00
1.109820298044305105e+02,4.749646267648471110e+01,-3.317800000000000193e-01,1.281800000000000717e-01,0.000000000000000000e+00
1.109820298044305105e+02,5.101471917103913256e+01,0.000000000000000000e+00,1.000000000000000000e+00,0.000000000000000000e+00
1.109820298044305105e+02,5.453297566559355403e+01,0.000000000000000000e+00,1.000000000000000000e+00,0.000000000000000000e+00
1.109820298044305105e+02,5.805123216014797549e+01,0.000000000000000000e+00,1.000000000000000000e+00,0.000000000000000000e+00
1.109820298044305105e+02,6.332861690197960769e+01,6.258400000000000074e-02,9.696099999999999719e-01,0.000000000000000000e+00
1.109820298044305105e+02,6.684687339653403626e+01,-1.718600000000000128e-01,9.214750000000000441e-01,0.000000000000000000e+00
1.109820298044305105e+02,7.036512989108845773e+01,9.538499999999999757e-01,1.797400000000000109e-01,0.000000000000000000e+00
1.109820298044305105e+02,7.388338638564287919e+01,0.000000000000000000e+00,1.000000000000000000e+00,0.000000000000000000e+00
1.109820298044305105e+02,7.740164288019730066e+01,0.000000000000000000e+00,1.000000000000000000e+00,0.000000000000000000e+00
1.109820298044305105e+02,8.091989937475172212e+01,0.000000000000000000e+00,1.000000000000000000e+00,0.000000000000000000e+00
1.109820298044305105e+02,8.443815586930614359e+01,0.000000000000000000e+00,1.000000000000000000e+00,0.000000000000000000e+00
1.109820298044305105e+02,8.795641236386056505e+01,0.000000000000000000e+00,1.000000000000000000e+00,0.000000000000000000e+00
1.109820298044305105e+02,9.147466885841498652e+01,-7.826800000000000423e-01,-5.977500000000000036e-01,0.000000000000000000e+00
1.109820298044305105e+02,9.499292535296942219e+01,4.189350000000000018e-01,4.239299999999999735e-01,0.000000000000000000e+00
1.109820298044305105e+02,9.851118184752384366e+01,-7.343300000000000383e-01,4.951900000000000190e-01,0.000000000000000000e+00
1.109820298044305105e+02,1.020294383420782651e+02,4.006850000000000134e-01,4.350749999999999895e-01,0.000000000000000000e+00
1.128014073422080656e+02,1.759128247277211399e+00,0.000000000000000000e+00,1.000000000000000000e+00,0.000000000000000000e+00
1.128014073422080656e+02,5.277384741831633974e+00,3.785649999999999848e-01,2.955599999999999339e-01,0.000000000000000000e+00
1.128014073422080656e+02,8.795641236386057216e+00,-7.931700000000000417e-01,4.607200000000000184e-01,0.000000000000000000e+00
1.128014073422080656e+02,1.231389773094048046e+01,9.078999999999992632e-02,2.962999999999998968e-02,0.000000000000000000e+00
1.128014073422080656e+02,1.583215422549490192e+01,-7.504899999999999904e-01,2.660899999999999377e-01,0.000000000000000000e+00
1.128014073422080656e+02,1.935041072004932516e+01,-4.300149999999999806e-01,5.342359999999999332e-01,1.000000000000000000e+00
1.128014073422080656e+02,2.286866721460374663e+01,0.000000000000000000e+00,1.000000000000000000e+00,1.000000000000000000e+00
1.128014073422080656e+02,2.638692370915817165e+01,0.000000000000000000e+00,1.000000000000000000e+00,1.000000000000000000e+00
1.128014073422080656e+02,2.990518020371259311e+01,0.000000000000000000e+00,1.000000000000000000e+00,1.000000000000000000e+00
1.128014073422080656e+02,3.342343669826701813e+01,-4.238299999999999845e-01,6.623699999999999033e-01,0.000000000000000000e+00
1.128014073422080656e+02,3.694169319282143960e+01,0.000000000000000000e+00,1.000000000000000000e+00,0.000000000000000000e+00
1.128014073422080656e+02,4.045994968737586106e+01,-4.163999999999999924e-01,7.198900000000000299e-01,0.000000000000000000e+00
1.128014073422080656e+02,4.397820618193028253e+01,-7.385300000000000198e-01,5.216699999999999671e-01,0.000000000000000000e+00
1.128014073422080656e+02,4.749646267648471110e+01,-7.623499999999998611e-01,-1.867900000000000116e-01,0.000000000000000000e+00
1.128014073422080656e+02,5.101471917103913256e+01,-5.363799999999999679e-01,5.830199999999999827e-01,0.000000000000000000e+00
1.128014073422080656e+02,5.453297566559355403e+01,-9.767499999999999793e-02,7.506999999999998119e-01,1.000000000000000000e+00
1.128014073422080656e+02,5.805123216014797549e+01,1.058599999999998431e-02,-8.255699999999998040e-01,1.000000000000000000e+00
1.128014073422080656e+02,6.156948865470239696e+01,-4.198730000000001072e-01,-3.305199999999999805e-01,0.000000000000000000e+00
1.128014073422080656e+02,6.508774514925681842e+01,-9.564700000000000424e-01,1.323000000000000287e-01,0.000000000000000000e+00
1.128014073422080656e+02,6.860600164381123989e+01,4.879299999999999748e-01,4.886969999999999370e-01,0.000000000000000000e+00
1.128014073422080656e+02,7.212425813836566135e+01,0.000000000000000000e+00,1.000000000000000000e+00,0.000000000000000000e+00
1.128014073422080656e+02,7.564251463292009703e+01,-3.886350000000000082e-01,7.665049999999999919e-01,0.000000000000000000e+00
1.128014073422080656e+02,7.916077112747451849e+01,-9.242599999999999705e-01,3.396200000000000330e-01,0.000000000000000000e+00
1.128014073422080656e+02,8.267902762202893996e+01,-4.850499999999999812e-01,6.139399999999999302e-01,0.000000000000000000e+00
1.128014073422080656e+02,8.619728411658336142e+01,0.000000000000000000e+00,1.000000000000000000e+00,0.000000000000000000e+00
1.128014073422080656e+02,8.971554061113778289e+01,4.574309999999999765e-01,-3.134300000000000419e-01,0.000000000000000000e+00
1.128014073422080656e+02,9.323379710569220435e+01,-9.726399999999999491e-01,-1.352500000000000091e-01,0.000000000000000000e+00
1.128014073422080656e+02,9.675205360024662582e+01,8.910799999999999832e-01,2.276950000000000085e-01,0.000000000000000000e+00
1.128014073422080656e+02,1.002703100948010473e+02,9.209100000000000064e-01,2.953400000000000122e-02,0.000000000000000000e+00
1.128014073422080656e+02,1.037885665893554688e+02,4.893900000000000333e-02,9.269150000000000444e-01,0.000000000000000000e+00
1.146207848799856066e+02,3.518256494554422797e+00,0.000000000000000000e+00,1.000000000000000000e+00,0.000000000000000000e+00
1.146207848799856066e+02,7.036512989108845595e+00,4.414850000000000163e-01,6.618150000000000421e-01,0.000000000000000000e+00
1.146207848799856066e+02,1.055476948366326795e+01,8.789799999999999836e-01,2.350700000000000012e-01,0.000000000000000000e+00
1.146207848799856066e+02,1.407302597821769119e+01,3.699600000000000111e-01,8.347449999999999593e-01,0.000000000000000000e+00
1.146207848799856066e+02,1.759128247277211443e+01,0.000000000000000000e+00,1.000000000000000000e+00,0.000000000000000000e+00
1.146207848799856066e+02,2.110953896732653590e+01,4.559449999999999892e-01,6.107700000000000351e-01,0.000000000000000000e+00
1.146207848799856066e+02,2.462779546188096091e+01,0.000000000000000000e+00,1.000000000000000000e+00,0.000000000000000000e+00
1.146207848799856066e+02,2.814605195643538238e+01,0.000000000000000000e+00,1.000000000000000000e+00,0.000000000000000000e+00
1.146207848799856066e+02,3.166430845098980384e+01,0.000000000000000000e+00,1.000000000000000000e+00,0.000000000000000000e+00
1.146207848799856066e+02,3.518256494554422886e+01,4.810550000000000104e-01,5.741799999999999127e-01,0.000000000000000000e+00
1.146207848799856066e+02,3.870082144009865033e+01,-7.888199999999998546e-01,-3.552999999999999492e-01,0.000000000000000000e+00
1.146207848799856066e+02,4.221907793465307179e+01,-8.482000000000000650e-02,1.022299999999999737e-01,0.000000000000000000e+00
1.146207848799856066e+02,4.573733442920749326e+01,-7.893099999999998451e-01,1.362299999999999622e-01,0.000000000000000000e+00
1.146207848799856066e+02,4.925559092376192183e+01,0.000000000000000000e+00,1.000000000000000000e+00,0.000000000000000000e+00
1.146207848799856066e+02,5.277384741831634329e+01,0.000000000000000000e+00,1.000000000000000000e+00,0.000000000000000000e+00
1.146207848799856066e+02,5.629210391287076476e+01,0.000000000000000000e+00,1.000000000000000000e+00,0.000000000000000000e+00
1.146207848799856066e+02,5.981036040742518622e+01,0.000000000000000000e+00,1.000000000000000000e+00,0.000000000000000000e+00
1.146207848799856066e+02,6.332861690197960769e+01,0.000000000000000000e+00,1.000000000000000000e+00,0.000000000000000000e+00
1.146207848799856066e+02,6.684687339653403626e+01,0.000000000000000000e+00,1.000000000000000000e+00,0.000000000000000000e+00
1.146207848799856066e+02,7.036512989108845773e+01,3.769950000000000245e-01,7.958250000000000046e-01,0.000000000000000000e+00
1.146207848799856066e+02,7.388338638564287919e+01,0.000000000000000000e+00,1.000000000000000000e+00,0.000000000000000000e+00
1.146207848799856066e+02,7.740164288019730066e+01,0.000000000000000000e+00,1.000000000000000000e+00,0.000000000000000000e+00
1.146207848799856066e+02,8.091989937475172212e+01,0.000000000000000000e+00,1.000000000000000000e+00,0.000000000000000000e+00
1.146207848799856066e+02,8.443815586930614359e+01,0.000000000000000000e+00,1.000000000000000000e+00,0.000000000000000000e+00
1.146207848799856066e+02,8.795641236386056505e+01,0.000000000000000000e+00,1.000000000000000000e+00,0.000000000000000000e+00
1.146207848799856066e+02,9.147466885841498652e+01,-4.278199999999999781e-01,7.446299999999997921e-01,0.000000000000000000e+00
1.146207848799856066e+02,9.499292535296942219e+01,0.000000000000000000e+00,1.000000000000000000e+00,0.000000000000000000e+00
1.146207848799856066e+02,9.851118184752384366e+01,0.000000000000000000e+00,1.000000000000000000e+00,0.000000000000000000e+00
1.146207848799856066e+02,1.020294383420782651e+02,0.000000000000000000e+00,1.000000000000000000e+00,0.000000000000000000e+00
1.164401624177631618e+02,3.518256494554422797e+00,0.000000000000000000e+00,1.000000000000000000e+00,0.000000000000000000e+00
1.164401624177631618e+02,7.036512989108845595e+00,-2.168100000000000027e-01,9.230399999999999716e-01,0.000000000000000000e+00
1.164401624177631618e+02,1.055476948366326795e+01,0.000000000000000000e+00,1.000000000000000000e+00,0.000000000000000000e+00
1.164401624177631618e+02,1.407302597821769119e+01,0.000000000000000000e+00,1.000000000000000000e+00,0.000000000000000000e+00
1.164401624177631618e+02,1.759128247277211443e+01,0.000000000000000000e+00,1.000000000000000000e+00,0.000000000000000000e+00
1.164401624177631618e+02,2.110953896732653590e+01,-1.067199999999999954e-01,9.744150000000000311e-01,0.000000000000000000e+00
1.164401624177631618e+02,2.462779546188096091e+01,4.168000000000000038e-01,9.089100000000001067e-01,0.000000000000000000e+00
1.164401624177631618e+02,2.814605195643538238e+01,-4.509199999999999875e-01,5.327150000000000496e-01,0.000000000000000000e+00
1.164401624177631618e+02,3.166430845098980384e+01,0.000000000000000000e+00,1.000000000000000000e+00,0.000000000000000000e+00
1.164401624177631618e+02,3.518256494554422886e+01,0.000000000000000000e+00,1.000000000000000000e+00,0.000000000000000000e+00
1.164401624177631618e+02,3.870082144009865033e+01,0.000000000000000000e+00,1.000000000000000000e+00,0.000000000000000000e+00
1.164401624177631618e+02,4.221907793465307179e+01,0.000000000000000000e+00,1.000000000000000000e+00,0.000000000000000000e+00
1.164401624177631618e+02,4.573733442920749326e+01,0.000000000000000000e+00,1.000000000000000000e+00,0.000000000000000000e+00
1.164401624177631618e+02,4.925559092376192183e+01,0.000000000000000000e+00,1.000000000000000000e+00,0.000000000000000000e+00
1.164401624177631618e+02,5.277384741831634329e+01,-6.477199999999999624e-01,5.071799999999999642e-01,0.000000000000000000e+00
1.164401624177631618e+02,5.629210391287076476e+01,-8.142599999999999838e-01,3.881299999999999750e-01,0.000000000000000000e+00
1.164401624177631618e+02,5.981036040742518622e+01,-6.628899999999999793e-01,5.437300000000000466e-01,0.000000000000000000e+00
1.164401624177631618e+02,6.332861690197960769e+01,-4.116199999999999859e-01,4.003200000000000092e-01,0.000000000000000000e+00
1.164401624177631618e+02,6.684687339653403626e+01,0.000000000000000000e+00,1.000000000000000000e+00,0.000000000000000000e+00
1.164401624177631618e+02,7.036512989108845773e+01,0.000000000000000000e+00,1.000000000000000000e+00,0.000000000000000000e+00
1.164401624177631618e+02,7.388338638564287919e+01,0.000000000000000000e+00,1.000000000000000000e+00,0.000000000000000000e+00
1.164401624177631618e+02,7.740164288019730066e+01,-4.190949999999999953e-01,7.182600000000000096e-01,0.000000000000000000e+00
1.164401624177631618e+02,8.091989937475172212e+01,0.000000000000000000e+00,1.000000000000000000e+00,0.000000000000000000e+00
1.164401624177631618e+02,8.443815586930614359e+01,-4.432200000000000029e-01,6.784900000000000375e-01,0.000000000000000000e+00
1.164401624177631618e+02,8.795641236386056505e+01,-8.343599999999999905e-01,3.946100000000000163e-01,0.000000000000000000e+00
1.164401624177631618e+02,9.147466885841498652e+01,-3.812249999999999805e-01,7.455049999999998622e-01,0.000000000000000000e+00
1.164401624177631618e+02,9.499292535296942219e+01,-6.942000000000000393e-01,5.522000000000000242e-01,0.000000000000000000e+00
1.164401624177631618e+02,9.851118184752384366e+01,5.045999999999999791e-02,3.134999999999998899e-02,0.000000000000000000e+00
1.164401624177631618e+02,1.020294383420782651e+02,0.000000000000000000e+00,1.000000000000000000e+00,0.000000000000000000e+00
1.182595399555407170e+02,1.759128247277211399e+00,-4.223700000000000232e-01,7.216599999999998571e-01,0.000000000000000000e+00
1.182595399555407170e+02,5.277384741831633974e+00,-7.570200000000000262e-01,5.137699999999999489e-01,0.000000000000000000e+00
1.182595399555407170e+02,8.795641236386057216e+00,-4.937400000000000122e-01,5.640300000000000313e-01,0.000000000000000000e+00
1.182595399555407170e+02,1.231389773094048046e+01,2.720199999999999285e-01,-7.364600000000000035e-01,0.000000000000000000e+00
1.182595399555407170e+02,1.583215422549490192e+01,0.000000000000000000e+00,1.000000000000000000e+00,0.000000000000000000e+00
1.182595399555407170e+02,1.935041072004932516e+01,0.000000000000000000e+00,1.000000000000000000e+00,0.000000000000000000e+00
1.182595399555407170e+02,2.286866721460374663e+01,4.725650000000000128e-01,4.955013999999999807e-01,0.000000000000000000e+00
1.182595399555407170e+02,2.638692370915817165e+01,9.981200000000000072e-01,-1.067200000000001481e-02,0.000000000000000000e+00
1.182595399555407170e+02,2.990518020371259311e+01,4.878049999999999886e-01,4.030599999999999739e-01,0.000000000000000000e+00
1.182595399555407170e+02,3.342343669826701813e+01,0.000000000000000000e+00,1.000000000000000000e+00,0.000000000000000000e+00
1.182595399555407170e+02,3.694169319282143960e+01,4.564400000000000124e-01,6.301149999999999807e-01,0.000000000000000000e+00
1.182595399555407170e+02,4.045994968737586106e+01,0.000000000000000000e+00,1.000000000000000000e+00,0.000000000000000000e+00
1.182595399555407170e+02,4.397820618193028253e+01,3.330099999999999727e-01,7.602750000000000341e-01,0.000000000000000000e+00
1.182595399555407170e+02,4.749646267648471110e+01,0.000000000000000000e+00,1.000000000000000000e+00,0.000000000000000000e+00
1.182595399555407170e+02,5.101471917103913256e+01,4.422749999999999737e-01,6.568350000000000577e-01,0.000000000000000000e+00
1.182595399555407170e+02,5.453297566559355403e+01,8.804600000000000204e-01,2.597800000000000109e-01,0.000000000000000000e+00
1.182595399555407170e+02,5.805123216014797549e+01,7.303800000000000292e-01,4.590049999999999963e-01,0.000000000000000000e+00
1.182595399555407170e+02,6.156948865470239696e+01,-1.389400000000000010e-02,8.147499999999998632e-01,0.000000000000000000e+00
1.182595399555407170e+02,6.508774514925681842e+01,0.000000000000000000e+00,1.000000000000000000e+00,0.000000000000000000e+00
1.182595399555407170e+02,6.860600164381123989e+01,0.000000000000000000e+00,1.000000000000000000e+00,0.000000000000000000e+00
1.182595399555407170e+02,7.212425813836566135e+01,0.000000000000000000e+00,1.000000000000000000e+00,0.000000000000000000e+00
1.182595399555407170e+02,7.564251463292009703e+01,0.000000000000000000e+00,1.000000000000000000e+00,0.000000000000000000e+00
1.182595399555407170e+02,7.916077112747451849e+01,0.000000000000000000e+00,1.000000000000000000e+00,0.000000000000000000e+00
1.182595399555407170e+02,8.267902762202893996e+01,8.226900000000000324e-01,3.999800000000000022e-01,0.000000000000000000e+00
1.182595399555407170e+02,8.619728411658336142e+01,1.190000000000024372e-03,-2.424499999999998878e-02,0.000000000000000000e+00
1.182595399555407170e+02,8.971554061113778289e+01,-8.095799999999998553e-01,3.455699999999999328e-01,0.000000000000000000e+00
1.182595399555407170e+02,9.323379710569220435e+01,-4.073350000000000026e-01,6.066500000000000226e-01,0.000000000000000000e+00
1.182595399555407170e+02,9.675205360024662582e+01,0.000000000000000000e+00,1.000000000000000000e+00,0.000000000000000000e+00
1.182595399555407170e+02,1.002703100948010473e+02,0.000000000000000000e+00,1.000000000000000000e+00,0.000000000000000000e+00
1.182595399555407170e+02,1.037885665893554688e+02,0.000000000000000000e+00,1.000000000000000000e+00,0.000000000000000000e+00
1.200789174933182579e+02,3.518256494554422797e+00,3.710899999999999754e-01,3.582300000000000484e-01,0.000000000000000000e+00
1.200789174933182579e+02,7.036512989108845595e+00,0.000000000000000000e+00,1.000000000000000000e+00,0.000000000000000000e+00
1.200789174933182579e+02,1.055476948366326795e+01,0.000000000000000000e+00,1.000000000000000000e+00,0.000000000000000000e+00
1.200789174933182579e+02,1.407302597821769119e+01,0.000000000000000000e+00,1.000000000000000000e+00,0.000000000000000000e+00
1.200789174933182579e+02,1.759128247277211443e+01,4.398650000000000060e-01,5.877149999999999874e-01,0.000000000000000000e+00
1.200789174933182579e+02,2.110953896732653590e+01,0.000000000000000000e+00,1.000000000000000000e+00,0.000000000000000000e+00
1.200789174933182579e+02,2.462779546188096091e+01,-1.454300000000000037e-01,9.783349999999999547e-01,0.000000000000000000e+00
1.200789174933182579e+02,2.814605195643538238e+01,-9.511399999999999855e-01,-1.117600000000000815e-01,0.000000000000000000e+00
1.200789174933182579e+02,3.166430845098980384e+01,2.566249999999999920e-01,9.270100000000000007e-01,0.000000000000000000e+00
1.200789174933182579e+02,3.518256494554422886e+01,0.000000000000000000e+00,1.000000000000000000e+00,0.000000000000000000e+00
1.200789174933182579e+02,3.870082144009865033e+01,0.000000000000000000e+00,1.000000000000000000e+00,0.000000000000000000e+00
1.200789174933182579e+02,4.221907793465307179e+01,0.000000000000000000e+00,1.000000000000000000e+00,0.000000000000000000e+00
1.200789174933182579e+02,4.749646267648471110e+01,0.000000000000000000e+00,1.000000000000000000e+00,0.000000000000000000e+00
1.200789174933182579e+02,5.101471917103913256e+01,3.026850000000000027e-02,9.906749999999999723e-01,0.000000000000000000e+00
1.200789174933182579e+02,5.453297566559355403e+01,0.000000000000000000e+00,1.000000000000000000e+00,0.000000000000000000e+00
1.200789174933182579e+02,5.805123216014797549e+01,0.000000000000000000e+00,1.000000000000000000e+00,0.000000000000000000e+00
1.200789174933182579e+02,6.156948865470239696e+01,0.000000000000000000e+00,1.000000000000000000e+00,0.000000000000000000e+00
1.200789174933182579e+02,6.508774514925681842e+01,-1.726449999999999929e-01,9.593249999999999833e-01,0.000000000000000000e+00
1.200789174933182579e+02,6.860600164381123989e+01,-4.367699999999999916e-01,7.972799999999999887e-01,0.000000000000000000e+00
1.200789174933182579e+02,7.212425813836566135e+01,-2.804249999999999798e-01,8.939699999999998203e-01,0.000000000000000000e+00
1.200789174933182579e+02,7.564251463292009703e+01,0.000000000000000000e+00,1.000000000000000000e+00,0.000000000000000000e+00
1.200789174933182579e+02,7.916077112747451849e+01,0.000000000000000000e+00,1.000000000000000000e+00,0.000000000000000000e+00
1.200789174933182579e+02,8.267902762202893996e+01,0.000000000000000000e+00,1.000000000000000000e+00,0.000000000000000000e+00
1.200789174933182579e+02,8.619728411658336142e+01,0.000000000000000000e+00,1.000000000000000000e+00,0.000000000000000000e+00
1.200789174933182579e+02,8.971554061113778289e+01,0.000000000000000000e+00,1.000000000000000000e+00,0.000000000000000000e+00
1.200789174933182579e+02,9.323379710569220435e+01,-4.432699999999999974e-01,5.042168999999999679e-01,0.000000000000000000e+00
1.200789174933182579e+02,9.675205360024662582e+01,-8.297700000000000076e-01,3.873599999999999266e-01,0.000000000000000000e+00
1.200789174933182579e+02,1.002703100948010473e+02,-3.991399999999999948e-01,7.308499999999999996e-01,0.000000000000000000e+00
1.200789174933182579e+02,1.037885665893554688e+02,-5.711899999999999755e-01,5.577699999999999880e-01,0.000000000000000000e+00
1.218982950310958131e+02,3.518256494554422797e+00,4.388799999999999923e-01,4.110750000000000237e-01,0.000000000000000000e+00
1.218982950310958131e+02,7.036512989108845595e+00,0.000000000000000000e+00,1.000000000000000000e+00,0.000000000000000000e+00
1.218982950310958131e+02,1.055476948366326795e+01,0.000000000000000000e+00,1.000000000000000000e+00,0.000000000000000000e+00
1.218982950310958131e+02,1.407302597821769119e+01,-7.133599999999999941e-01,5.007899999999999574e-01,0.000000000000000000e+00
1.218982950310958131e+02,1.759128247277211443e+01,-7.822000000000006725e-02,-1.039399999999999630e-01,0.000000000000000000e+00
1.218982950310958131e+02,2.110953896732653590e+01,-6.018900000000000361e-01,6.516600000000000170e-01,0.000000000000000000e+00
1.218982950310958131e+02,2.462779546188096091e+01,-4.044300000000000117e-01,5.376640000000000308e-01,0.000000000000000000e+00
1.218982950310958131e+02,2.814605195643538238e+01,0.000000000000000000e+00,1.000000000000000000e+00,1.000000000000000000e+00
1.218982950310958131e+02,3.166430845098980384e+01,-4.654300000000000104e-01,6.188599999999999657e-01,1.000000000000000000e+00
1.218982950310958131e+02,3.518256494554422886e+01,0.000000000000000000e+00,1.000000000000000000e+00,1.000000000000000000e+00
1.218982950310958131e+02,3.870082144009865033e+01,-4.274450000000000194e-01,6.671150000000000135e-01,1.000000000000000000e+00
1.218982950310958131e+02,4.221907793465307179e+01,0.000000000000000000e+00,1.000000000000000000e+00,1.000000000000000000e+00
1.218982950310958131e+02,4.573733442920749326e+01,-4.569750000000000201e-01,3.090000000000036728e-03,1.000000000000000000e+00
1.218982950310958131e+02,4.925559092376192183e+01,8.260699999999998600e-01,-4.358600000000000252e-01,1.000000000000000000e+00
1.218982950310958131e+02,5.277384741831634329e+01,-4.421849999999999947e-01,6.873350000000000293e-01,1.000000000000000000e+00
1.218982950310958131e+02,5.629210391287076476e+01,0.000000000000000000e+00,1.000000000000000000e+00,1.000000000000000000e+00
1.218982950310958131e+02,5.981036040742518622e+01,3.773449999999999860e-01,1.752699999999999259e-01,0.000000000000000000e+00
1.218982950310958131e+02,6.332861690197960769e+01,0.000000000000000000e+00,1.000000000000000000e+00,0.000000000000000000e+00
1.218982950310958131e+02,6.684687339653403626e+01,4.964450000000000252e-01,4.412249999999999783e-01,0.000000000000000000e+00
1.218982950310958131e+02,7.036512989108845773e+01,-9.891600000000000392e-01,-1.333699999999998775e-02,0.000000000000000000e+00
1.218982950310958131e+02,7.388338638564287919e+01,0.000000000000000000e+00,1.000000000000000000e+00,0.000000000000000000e+00
1.218982950310958131e+02,7.740164288019730066e+01,-1.770100000000000007e-01,-5.133999999999999675e-01,0.000000000000000000e+00
1.218982950310958131e+02,8.091989937475172212e+01,4.154100000000000015e-01,6.796450000000000546e-01,0.000000000000000000e+00
1.218982950310958131e+02,8.443815586930614359e+01,0.000000000000000000e+00,1.000000000000000000e+00,0.000000000000000000e+00
1.218982950310958131e+02,8.795641236386056505e+01,-4.495750000000000024e-01,3.571750000000000203e-01,0.000000000000000000e+00
1.218982950310958131e+02,9.147466885841498652e+01,0.000000000000000000e+00,1.000000000000000000e+00,0.000000000000000000e+00
1.218982950310958131e+02,9.499292535296942219e+01,4.720199999999999951e-01,5.736949999999999550e-01,0.000000000000000000e+00
1.218982950310958131e+02,9.851118184752384366e+01,8.176499999999999879e-01,3.598100000000000187e-01,0.000000000000000000e+00
1.218982950310958131e+02,1.020294383420782651e+02,-8.210849999999998428e-01,-3.749049999999999883e-01,0.000000000000000000e+00
1.237176725688733541e+02,1.759128247277211399e+00,0.000000000000000000e+00,1.000000000000000000e+00,0.000000000000000000e+00
1.237176725688733541e+02,5.277384741831633974e+00,-4.861500000000000266e-01,4.749680000000000013e-01,0.000000000000000000e+00
1.237176725688733541e+02,8.795641236386057216e+00,8.826300000000000257e-01,3.298499999999999766e-01,0.000000000000000000e+00
1.237176725688733541e+02,1.231389773094048046e+01,-7.757300000000000306e-01,-4.097549999999999804e-01,0.000000000000000000e+00
1.237176725688733541e+02,1.583215422549490192e+01,8.167400000000001326e-01,-5.271599999999999203e-02,0.000000000000000000e+00
1.237176725688733541e+02,1.935041072004932516e+01,-3.389900000000000135e-01,2.811100000000000265e-01,0.000000000000000000e+00
1.237176725688733541e+02,2.286866721460374663e+01,0.000000000000000000e+00,1.000000000000000000e+00,0.000000000000000000e+00
1.237176725688733541e+02,2.638692370915817165e+01,0.000000000000000000e+00,1.000000000000000000e+00,0.000000000000000000e+00
1.237176725688733541e+02,2.990518020371259311e+01,0.000000000000000000e+00,1.000000000000000000e+00,0.000000000000000000e+00
1.237176725688733541e+02,3.342343669826701813e+01,0.000000000000000000e+00,1.000000000000000000e+00,0.000000000000000000e+00
1.237176725688733541e+02,3.694169319282143960e+01,9.356799999999999562e-01,2.114099999999999868e-01,0.000000000000000000e+00
1.237176725688733541e+02,4.045994968737586106e+01,4.461800000000000210e-01,6.379399999999999515e-01,0.000000000000000000e+00
1.237176725688733541e+02,4.397820618193028253e+01,7.273699999999998500e-01,4.680500000000000771e-01,0.000000000000000000e+00
1.237176725688733541e+02,4.749646267648471110e+01,3.994849999999999790e-01,5.825850000000000195e-01,0.000000000000000000e+00
1.237176725688733541e+02,5.101471917103913256e+01,0.000000000000000000e+00,1.000000000000000000e+00,0.000000000000000000e+00
1.237176725688733541e+02,5.453297566559355403e+01,0.000000000000000000e+00,1.000000000000000000e+00,0.000000000000000000e+00
1.237176725688733541e+02,5.805123216014797549e+01,0.000000000000000000e+00,1.000000000000000000e+00,0.000000000000000000e+00
1.237176725688733541e+02,6.156948865470239696e+01,1.719600000000000017e-01,9.658200000000000118e-01,0.000000000000000000e+00
1.237176725688733541e+02,6.508774514925681842e+01,0.000000000000000000e+00,1.000000000000000000e+00,0.000000000000000000e+00
1.237176725688733541e+02,6.860600164381123989e+01,0.000000000000000000e+00,1.000000000000000000e+00,0.000000000000000000e+00
1.237176725688733541e+02,7.212425813836566135e+01,0.000000000000000000e+00,1.000000000000000000e+00,0.000000000000000000e+00
1.237176725688733541e+02,7.564251463292009703e+01,4.084749999999999770e-01,6.275950000000000140e-01,0.000000000000000000e+00
1.237176725688733541e+02,7.916077112747451849e+01,0.000000000000000000e+00,1.000000000000000000e+00,0.000000000000000000e+00
1.237176725688733541e+02,8.267902762202893996e+01,0.000000000000000000e+00,1.000000000000000000e+00,0.000000000000000000e+00
1.237176725688733541e+02,8.619728411658336142e+01,0.000000000000000000e+00,1.000000000000000000e+00,0.000000000000000000e+00
1.237176725688733541e+02,9.147466885841498652e+01,0.000000000000000000e+00,1.000000000000000000e+00,0.000000000000000000e+00
1.237176725688733541e+02,9.499292535296942219e+01,0.000000000000000000e+00,1.000000000000000000e+00,0.000000000000000000e+00
1.237176725688733541e+02,9.851118184752384366e+01,0.000000000000000000e+00,1.000000000000000000e+00,0.000000000000000000e+00
1.237176725688733541e+02,1.020294383420782651e+02,0.000000000000000000e+00,1.000000000000000000e+00,0.000000000000000000e+00
1.255370501066509092e+02,1.759128247277211399e+00,4.310499999999999748e-02,9.973900000000001098e-01,0.000000000000000000e+00
1.255370501066509092e+02,5.277384741831633974e+00,0.000000000000000000e+00,1.000000000000000000e+00,0.000000000000000000e+00
1.255370501066509092e+02,8.795641236386057216e+00,0.000000000000000000e+00,1.000000000000000000e+00,0.000000000000000000e+00
1.255370501066509092e+02,1.231389773094048046e+01,0.000000000000000000e+00,1.000000000000000000e+00,0.000000000000000000e+00
1.255370501066509092e+02,1.583215422549490192e+01,0.000000000000000000e+00,1.000000000000000000e+00,0.000000000000000000e+00
1.255370501066509092e+02,1.935041072004932516e+01,0.000000000000000000e+00,1.000000000000000000e+00,0.000000000000000000e+00
1.255370501066509092e+02,2.286866721460374663e+01,-8.299499999999998545e-01,4.284399999999999320e-01,1.000000000000000000e+00
1.255370501066509092e+02,2.638692370915817165e+01,0.000000000000000000e+00,1.000000000000000000e+00,1.000000000000000000e+00
1.255370501066509092e+02,2.990518020371259311e+01,-7.626199999999998536e-01,4.179100000000000037e-01,1.000000000000000000e+00
1.255370501066509092e+02,3.342343669826701813e+01,-3.837450000000000028e-01,3.329750000000000210e-01,1.000000000000000000e+00
1.255370501066509092e+02,3.694169319282143960e+01,0.000000000000000000e+00,1.000000000000000000e+00,0.000000000000000000e+00
1.255370501066509092e+02,4.045994968737586106e+01,0.000000000000000000e+00,1.000000000000000000e+00,0.000000000000000000e+00
1.255370501066509092e+02,4.397820618193028253e+01,0.000000000000000000e+00,1.000000000000000000e+00,0.000000000000000000e+00
1.255370501066509092e+02,4.749646267648471110e+01,3.977849999999999997e-01,3.667449999999999877e-01,0.000000000000000000e+00
1.255370501066509092e+02,5.101471917103913256e+01,0.000000000000000000e+00,1.000000000000000000e+00,0.000000000000000000e+00
1.255370501066509092e+02,5.453297566559355403e+01,0.000000000000000000e+00,1.000000000000000000e+00,0.000000000000000000e+00
1.255370501066509092e+02,5.805123216014797549e+01,-8.243399999999998506e-01,4.221400000000000152e-01,1.000000000000000000e+00
1.255370501066509092e+02,6.156948865470239696e+01,2.640999999999993353e-02,6.549000000000004817e-02,1.000000000000000000e+00
1.255370501066509092e+02,6.508774514925681842e+01,-6.052999999999999492e-01,5.668600000000000305e-01,1.000000000000000000e+00
1.255370501066509092e+02,6.860600164381123989e+01,-4.480450000000000266e-01,6.477249999999999952e-01,0.000000000000000000e+00
1.255370501066509092e+02,7.212425813836566135e+01,0.000000000000000000e+00,1.000000000000000000e+00,0.000000000000000000e+00
1.255370501066509092e+02,7.564251463292009703e+01,-4.366249999999999853e-01,6.956199999999999051e-01,0.000000000000000000e+00
1.255370501066509092e+02,7.916077112747451849e+01,-9.364200000000000301e-01,1.215399999999999814e-01,0.000000000000000000e+00
1.255370501066509092e+02,8.267902762202893996e+01,-4.473699999999999899e-01,5.976850000000000218e-01,0.000000000000000000e+00
1.255370501066509092e+02,8.619728411658336142e+01,6.995400000000000507e-01,-5.384299999999999642e-01,0.000000000000000000e+00
1.255370501066509092e+02,8.971554061113778289e+01,-4.327309999999999768e-01,-2.888049999999999784e-01,0.000000000000000000e+00
1.255370501066509092e+02,9.323379710569220435e+01,0.000000000000000000e+00,1.000000000000000000e+00,0.000000000000000000e+00
1.255370501066509092e+02,9.675205360024662582e+01,-4.220400000000000262e-01,7.089750000000000218e-01,0.000000000000000000e+00
1.255370501066509092e+02,1.002703100948010473e+02,0.000000000000000000e+00,1.000000000000000000e+00,0.000000000000000000e+00
1.255370501066509092e+02,1.037885665893554688e+02,4.419199999999999795e-01,5.488174999999999581e-01,0.000000000000000000e+00
1.273564276444284644e+02,3.518256494554422797e+00,0.000000000000000000e+00,1.000000000000000000e+00,0.000000000000000000e+00
1.273564276444284644e+02,7.036512989108845595e+00,-4.708300000000000263e-01,6.401900000000000368e-01,0.000000000000000000e+00
1.273564276444284644e+02,1.055476948366326795e+01,-8.467599999999998461e-01,4.134800000000000697e-01,0.000000000000000000e+00
1.273564276444284644e+02,1.407302597821769119e+01,-4.790300000000000114e-01,6.418949999999999934e-01,0.000000000000000000e+00
1.273564276444284644e+02,1.759128247277211443e+01,0.000000000000000000e+00,1.000000000000000000e+00,0.000000000000000000e+00
1.273564276444284644e+02,2.110953896732653590e+01,3.491750000000000131e-01,-2.254700000000000037e-01,0.000000000000000000e+00
1.273564276444284644e+02,2.462779546188096091e+01,9.636700000000000266e-01,8.487100000000000199e-02,0.000000000000000000e+00
1.273564276444284644e+02,2.814605195643538238e+01,4.464750000000000107e-01,6.201900000000000190e-01,0.000000000000000000e+00
1.273564276444284644e+02,3.166430845098980384e+01,7.438099999999998602e-01,3.628399999999999959e-01,0.000000000000000000e+00
1.273564276444284644e+02,3.518256494554422886e+01,-5.671000000000000346e-02,7.742949999999998445e-01,0.000000000000000000e+00
1.273564276444284644e+02,3.870082144009865033e+01,0.000000000000000000e+00,1.000000000000000000e+00,0.000000000000000000e+00
1.273564276444284644e+02,4.221907793465307179e+01,4.291300000000000114e-01,6.679500000000000437e-01,0.000000000000000000e+00
1.273564276444284644e+02,4.573733442920749326e+01,0.000000000000000000e+00,1.000000000000000000e+00,0.000000000000000000e+00
1.273564276444284644e+02,4.925559092376192183e+01,0.000000000000000000e+00,1.000000000000000000e+00,0.000000000000000000e+00
1.273564276444284644e+02,5.277384741831634329e+01,-8.810599999999998433e-01,-3.158500000000000196e-01,0.000000000000000000e+00
1.273564276444284644e+02,5.629210391287076476e+01,-1.010500000000003062e-02,-1.217999999999996863e-02,0.000000000000000000e+00
1.273564276444284644e+02,5.981036040742518622e+01,-6.400000000000000133e-01,-4.654400000000000759e-01,0.000000000000000000e+00
1.273564276444284644e+02,6.332861690197960769e+01,-4.420350000000000112e-01,5.422390000000000265e-01,0.000000000000000000e+00
1.273564276444284644e+02,6.684687339653403626e+01,0.000000000000000000e+00,1.000000000000000000e+00,0.000000000000000000e+00
1.273564276444284644e+02,7.036512989108845773e+01,0.000000000000000000e+00,1.000000000000000000e+00,0.000000000000000000e+00
1.273564276444284644e+02,7.388338638564287919e+01,0.000000000000000000e+00,1.000000000000000000e+00,0.000000000000000000e+00
1.273564276444284644e+02,7.740164288019730066e+01,4.329600000000000115e-01,5.156180000000000208e-01,0.000000000000000000e+00
1.273564276444284644e+02,8.091989937475172212e+01,0.000000000000000000e+00,1.000000000000000000e+00,0.000000000000000000e+00
1.273564276444284644e+02,8.443815586930614359e+01,-3.973050000000000193e-01,3.485000000000000320e-01,0.000000000000000000e+00
1.273564276444284644e+02,8.795641236386056505e+01,8.122899999999998455e-01,3.184400000000000563e-01,0.000000000000000000e+00
1.273564276444284644e+02,9.147466885841498652e+01,4.327050000000000063e-01,6.144049999999999789e-01,0.000000000000000000e+00
1.273564276444284644e+02,9.499292535296942219e+01,0.000000000000000000e+00,1.000000000000000000e+00,0.000000000000000000e+00
1.273564276444284644e+02,9.851118184752384366e+01,0.000000000000000000e+00,1.000000000000000000e+00,0.000000000000000000e+00
1.273564276444284644e+02,1.020294383420782651e+02,0.000000000000000000e+00,1.000000000000000000e+00,0.000000000000000000e+00
1.291758051822060054e+02,1.759128247277211399e+00,-3.732599999999999807e-01,8.064700000000000202e-01,0.000000000000000000e+00
1.291758051822060054e+02,5.277384741831633974e+00,0.000000000000000000e+00,1.000000000000000000e+00,0.000000000000000000e+00
1.291758051822060054e+02,8.795641236386057216e+00,0.000000000000000000e+00,1.000000000000000000e+00,0.000000000000000000e+00
1.291758051822060054e+02,1.231389773094048046e+01,0.000000000000000000e+00,1.000000000000000000e+00,0.000000000000000000e+00
1.291758051822060054e+02,1.583215422549490192e+01,0.000000000000000000e+00,1.000000000000000000e+00,0.000000000000000000e+00
1.291758051822060054e+02,1.935041072004932516e+01,0.000000000000000000e+00,1.000000000000000000e+00,0.000000000000000000e+00
1.291758051822060054e+02,2.286866721460374663e+01,4.142000000000000126e-01,7.692649999999998656e-01,0.000000000000000000e+00
1.291758051822060054e+02,2.638692370915817165e+01,0.000000000000000000e+00,1.000000000000000000e+00,0.000000000000000000e+00
1.291758051822060054e+02,3.166430845098980384e+01,0.000000000000000000e+00,1.000000000000000000e+00,0.000000000000000000e+00
1.291758051822060054e+02,3.518256494554422886e+01,0.000000000000000000e+00,1.000000000000000000e+00,0.000000000000000000e+00
1.291758051822060054e+02,3.870082144009865033e+01,2.142099999999999907e-02,9.637299999999999756e-01,0.000000000000000000e+00
1.291758051822060054e+02,4.221907793465307179e+01,-4.589449999999999918e-01,8.351750000000000007e-01,0.000000000000000000e+00
1.291758051822060054e+02,4.573733442920749326e+01,0.000000000000000000e+00,1.000000000000000000e+00,0.000000000000000000e+00
1.291758051822060054e+02,4.925559092376192183e+01,0.000000000000000000e+00,1.000000000000000000e+00,0.000000000000000000e+00
1.291758051822060054e+02,5.277384741831634329e+01,0.000000000000000000e+00,1.000000000000000000e+00,0.000000000000000000e+00
1.291758051822060054e+02,5.629210391287076476e+01,0.000000000000000000e+00,1.000000000000000000e+00,0.000000000000000000e+00
1.291758051822060054e+02,5.981036040742518622e+01,0.000000000000000000e+00,1.000000000000000000e+00,0.000000000000000000e+00
1.291758051822060054e+02,6.332861690197960769e+01,0.000000000000000000e+00,1.000000000000000000e+00,0.000000000000000000e+00
1.291758051822060054e+02,6.684687339653403626e+01,8.956100000000000172e-01,-9.137000000000000677e-02,0.000000000000000000e+00
1.291758051822060054e+02,7.036512989108845773e+01,7.824999999999970868e-03,-1.040849999999999970e-01,0.000000000000000000e+00
1.291758051822060054e+02,7.388338638564287919e+01,-7.235800000000000010e-01,5.074999999999999512e-01,0.000000000000000000e+00
1.291758051822060054e+02,7.740164288019730066e+01,4.023900000000000254e-01,4.749174999999999924e-01,0.000000000000000000e+00
1.291758051822060054e+02,8.091989937475172212e+01,0.000000000000000000e+00,1.000000000000000000e+00,0.000000000000000000e+00
1.291758051822060054e+02,8.443815586930614359e+01,0.000000000000000000e+00,1.000000000000000000e+00,0.000000000000000000e+00
1.291758051822060054e+02,8.795641236386056505e+01,0.000000000000000000e+00,1.000000000000000000e+00,0.000000000000000000e+00
1.291758051822060054e+02,9.147466885841498652e+01,4.242549999999999932e-01,2.910250000000000337e-01,0.000000000000000000e+00
1.291758051822060054e+02,9.499292535296942219e+01,-8.929300000000000015e-01,2.124099999999999877e-01,0.000000000000000000e+00
1.291758051822060054e+02,9.851118184752384366e+01,-9.015649999999999498e-01,1.610804999999999876e-01,0.000000000000000000e+00
1.291758051822060054e+02,1.020294383420782651e+02,0.000000000000000000e+00,1.000000000000000000e+00,0.000000000000000000e+00
1.309951827199835463e+02,1.759128247277211399e+00,0.000000000000000000e+00,1.000000000000000000e+00,0.000000000000000000e+00
1.309951827199835463e+02,5.277384741831633974e+00,0.000000000000000000e+00,1.000000000000000000e+00,0.000000000000000000e+00
1.309951827199835463e+02,8.795641236386057216e+00,-3.923599999999999866e-01,7.346999999999997977e-01,0.000000000000000000e+00
1.309951827199835463e+02,1.231389773094048046e+01,0.000000000000000000e+00,1.000000000000000000e+00,0.000000000000000000e+00
1.309951827199835463e+02,1.583215422549490192e+01,-4.148049999999999793e-01,7.220900000000000096e-01,0.000000000000000000e+00
1.309951827199835463e+02,1.935041072004932516e+01,-7.527199999999998337e-01,4.998799999999999910e-01,0.000000000000000000e+00
1.309951827199835463e+02,2.286866721460374663e+01,-4.289350000000000107e-01,6.925600000000000644e-01,0.000000000000000000e+00
1.309951827199835463e+02,2.638692370915817165e+01,5.768699999999999939e-01,-6.146000000000000352e-01,0.000000000000000000e+00
1.309951827199835463e+02,2.990518020371259311e+01,-1.325800000000000034e-01,9.363000000000000211e-01,0.000000000000000000e+00
1.309951827199835463e+02,3.342343669826701813e+01,0.000000000000000000e+00,1.000000000000000000e+00,0.000000000000000000e+00
1.309951827199835463e+02,3.694169319282143960e+01,-4.666500000000000092e-01,6.351700000000000124e-01,0.000000000000000000e+00
1.309951827199835463e+02,4.045994968737586106e+01,-9.705599999999998673e-01,1.177200000000000468e-01,0.000000000000000000e+00
1.309951827199835463e+02,4.397820618193028253e+01,4.988699999999999801e-01,4.984294499999999961e-01,0.000000000000000000e+00
1.309951827199835463e+02,4.749646267648471110e+01,0.000000000000000000e+00,1.000000000000000000e+00,0.000000000000000000e+00
1.309951827199835463e+02,5.101471917103913256e+01,-4.481649999999999801e-01,6.906250000000000444e-01,0.000000000000000000e+00
1.309951827199835463e+02,5.453297566559355403e+01,9.907500000000000195e-01,-7.995900000000011332e-02,0.000000000000000000e+00
1.309951827199835463e+02,5.805123216014797549e+01,-4.972300000000000053e-01,5.522150000000000114e-01,0.000000000000000000e+00
1.309951827199835463e+02,6.156948865470239696e+01,0.000000000000000000e+00,1.000000000000000000e+00,0.000000000000000000e+00
1.309951827199835463e+02,6.508774514925681842e+01,4.790449999999999986e-01,5.646449999999999525e-01,0.000000000000000000e+00
1.309951827199835463e+02,6.860600164381123989e+01,9.407999999999999696e-01,2.208799999999999930e-01,0.000000000000000000e+00
1.309951827199835463e+02,7.212425813836566135e+01,-5.138999999999993573e-02,9.847999999999999809e-02,0.000000000000000000e+00
1.309951827199835463e+02,7.564251463292009703e+01,-9.533100000000002128e-01,-3.136600000000000499e-02,0.000000000000000000e+00
1.309951827199835463e+02,7.916077112747451849e+01,-1.557000000000000051e-01,1.073100000000000026e-01,0.000000000000000000e+00
1.309951827199835463e+02,8.267902762202893996e+01,0.000000000000000000e+00,1.000000000000000000e+00,0.000000000000000000e+00
1.309951827199835463e+02,8.619728411658336142e+01,4.543200000000000016e-01,6.328099999999999836e-01,0.000000000000000000e+00
1.309951827199835463e+02,8.971554061113778289e+01,0.000000000000000000e+00,1.000000000000000000e+00,0.000000000000000000e+00
1.309951827199835463e+02,9.323379710569220435e+01,0.000000000000000000e+00,1.000000000000000000e+00,0.000000000000000000e+00
1.309951827199835463e+02,9.675205360024662582e+01,-9.606000000000000094e-01,-1.713599999999999568e-01,0.000000000000000000e+00
1.309951827199835463e+02,1.002703100948010473e+02,4.410100000000000131e-01,6.591299999999999937e-01,0.000000000000000000e+00
1.309951827199835463e+02,1.037885665893554688e+02,6.698899999999999855e-01,5.099799999999999889e-01,0.000000000000000000e+00
1.328145602577611157e+02,3.518256494554422797e+00,0.000000000000000000e+00,1.000000000000000000e+00,0.000000000000000000e+00
1.328145602577611157e+02,7.036512989108845595e+00,0.000000000000000000e+00,1.000000000000000000e+00,0.000000000000000000e+00
1.328145602577611157e+02,1.055476948366326795e+01,0.000000000000000000e+00,1.000000000000000000e+00,0.000000000000000000e+00
1.328145602577611157e+02,1.407302597821769119e+01,-7.495100000000000096e-01,-3.556900000000000617e-01,0.000000000000000000e+00
1.328145602577611157e+02,1.759128247277211443e+01,5.818999999999995704e-02,-1.681520000000000237e-01,0.000000000000000000e+00
1.328145602577611157e+02,2.110953896732653590e+01,7.971700000000000452e-01,-7.091200000000008608e-02,0.000000000000000000e+00
1.328145602577611157e+02,2.462779546188096091e+01,0.000000000000000000e+00,1.000000000000000000e+00,0.000000000000000000e+00
1.328145602577611157e+02,2.814605195643538238e+01,0.000000000000000000e+00,1.000000000000000000e+00,0.000000000000000000e+00
1.328145602577611157e+02,3.166430845098980384e+01,0.000000000000000000e+00,1.000000000000000000e+00,0.000000000000000000e+00
1.328145602577611157e+02,3.518256494554422886e+01,0.000000000000000000e+00,1.000000000000000000e+00,0.000000000000000000e+00
1.328145602577611157e+02,3.870082144009865033e+01,0.000000000000000000e+00,1.000000000000000000e+00,0.000000000000000000e+00
1.328145602577611157e+02,4.221907793465307179e+01,0.000000000000000000e+00,1.000000000000000000e+00,0.000000000000000000e+00
1.328145602577611157e+02,4.573733442920749326e+01,3.411750000000000060e-01,8.465549999999998354e-01,0.000000000000000000e+00
1.328145602577611157e+02,4.925559092376192183e+01,0.000000000000000000e+00,1.000000000000000000e+00,0.000000000000000000e+00
1.328145602577611157e+02,5.277384741831634329e+01,0.000000000000000000e+00,1.000000000000000000e+00,0.000000000000000000e+00
1.328145602577611157e+02,5.629210391287076476e+01,0.000000000000000000e+00,1.000000000000000000e+00,0.000000000000000000e+00
1.328145602577611157e+02,5.981036040742518622e+01,0.000000000000000000e+00,1.000000000000000000e+00,0.000000000000000000e+00
1.328145602577611157e+02,6.332861690197960769e+01,0.000000000000000000e+00,1.000000000000000000e+00,0.000000000000000000e+00
1.328145602577611157e+02,6.684687339653403626e+01,-3.859549999999999925e-01,8.100800000000000223e-01,0.000000000000000000e+00
1.328145602577611157e+02,7.036512989108845773e+01,0.000000000000000000e+00,1.000000000000000000e+00,0.000000000000000000e+00
1.328145602577611157e+02,7.564251463292009703e+01,0.000000000000000000e+00,1.000000000000000000e+00,0.000000000000000000e+00
1.328145602577611157e+02,7.916077112747451849e+01,0.000000000000000000e+00,1.000000000000000000e+00,0.000000000000000000e+00
1.328145602577611157e+02,8.267902762202893996e+01,-2.102600000000000025e-01,9.324799999999999756e-01,0.000000000000000000e+00
1.328145602577611157e+02,8.619728411658336142e+01,-7.796999999999998376e-02,8.947499999999998233e-01,0.000000000000000000e+00
1.328145602577611157e+02,8.971554061113778289e+01,7.446099999999999941e-01,6.525199999999999889e-01,0.000000000000000000e+00
1.328145602577611157e+02,9.323379710569220435e+01,3.695499999999999896e-01,8.083050000000000512e-01,0.000000000000000000e+00
1.328145602577611157e+02,9.675205360024662582e+01,0.000000000000000000e+00,1.000000000000000000e+00,0.000000000000000000e+00
1.328145602577611157e+02,1.002703100948010473e+02,0.000000000000000000e+00,1.000000000000000000e+00,0.000000000000000000e+00
1.328145602577611157e+02,1.037885665893554688e+02,0.000000000000000000e+00,1.000000000000000000e+00,0.000000000000000000e+00
1.346339377955386567e+02,3.518256494554422797e+00,3.806700000000000084e-01,5.711650000000000338e-01,0.000000000000000000e+00
1.346339377955386567e+02,7.036512989108845595e+00,0.000000000000000000e+00,1.000000000000000000e+00,0.000000000000000000e+00
1.346339377955386567e+02,1.055476948366326795e+01,0.000000000000000000e+00,1.000000000000000000e+00,0.000000000000000000e+00
1.346339377955386567e+02,1.407302597821769119e+01,0.000000000000000000e+00,1.000000000000000000e+00,0.000000000000000000e+00
1.346339377955386567e+02,1.759128247277211443e+01,0.000000000000000000e+00,1.000000000000000000e+00,0.000000000000000000e+00
1.346339377955386567e+02,2.110953896732653590e+01,0.000000000000000000e+00,1.000000000000000000e+00,0.000000000000000000e+00
1.346339377955386567e+02,2.462779546188096091e+01,0.000000000000000000e+00,1.000000000000000000e+00,1.000000000000000000e+00
1.346339377955386567e+02,2.814605195643538238e+01,-7.612400000000000277e-01,4.803399999999999892e-01,1.000000000000000000e+00
1.346339377955386567e+02,3.166430845098980384e+01,-8.198699999999999877e-01,3.858150000000000190e-01,1.000000000000000000e+00
1.346339377955386567e+02,3.518256494554422886e+01,-6.866100000000000536e-01,5.682500000000000329e-01,1.000000000000000000e+00
1.346339377955386567e+02,3.870082144009865033e+01,-4.050900000000000056e-01,4.012200000000000211e-01,1.000000000000000000e+00
1.346339377955386567e+02,4.221907793465307179e+01,0.000000000000000000e+00,1.000000000000000000e+00,0.000000000000000000e+00
1.346339377955386567e+02,4.573733442920749326e+01,0.000000000000000000e+00,1.000000000000000000e+00,0.000000000000000000e+00
1.346339377955386567e+02,4.925559092376192183e+01,0.000000000000000000e+00,1.000000000000000000e+00,0.000000000000000000e+00
1.346339377955386567e+02,5.277384741831634329e+01,-4.150349999999999873e-01,6.972249999999999837e-01,0.000000000000000000e+00
1.346339377955386567e+02,5.629210391287076476e+01,0.000000000000000000e+00,1.000000000000000000e+00,0.000000000000000000e+00
1.346339377955386567e+02,5.981036040742518622e+01,-4.454150000000000054e-01,6.742050000000000542e-01,0.000000000000000000e+00
1.346339377955386567e+02,6.332861690197960769e+01,8.442199999999998594e-01,-3.846600000000000019e-01,0.000000000000000000e+00
1.346339377955386567e+02,6.684687339653403626e+01,-3.895500000000000074e-01,7.494899999999999896e-01,0.000000000000000000e+00
1.346339377955386567e+02,7.036512989108845773e+01,7.509700000000000264e-01,-5.150200000000000333e-01,0.000000000000000000e+00
1.346339377955386567e+02,7.388338638564287919e+01,-1.753750000000000031e-01,1.357249999999999845e-01,0.000000000000000000e+00
1.346339377955386567e+02,7.740164288019730066e+01,0.000000000000000000e+00,1.000000000000000000e+00,0.000000000000000000e+00
1.346339377955386567e+02,8.091989937475172212e+01,-4.223199999999999732e-01,7.260499999999999732e-01,0.000000000000000000e+00
1.346339377955386567e+02,8.443815586930614359e+01,-5.157800000000000162e-01,1.602600000000000136e-01,0.000000000000000000e+00
1.346339377955386567e+02,8.795641236386056505e+01,-4.977150000000000185e-01,5.463120000000000198e-01,0.000000000000000000e+00
1.346339377955386567e+02,9.147466885841498652e+01,0.000000000000000000e+00,1.000000000000000000e+00,0.000000000000000000e+00
1.346339377955386567e+02,9.499292535296942219e+01,0.000000000000000000e+00,1.000000000000000000e+00,0.000000000000000000e+00
1.346339377955386567e+02,9.851118184752384366e+01,0.000000000000000000e+00,1.000000000000000000e+00,0.000000000000000000e+00
1.346339377955386567e+02,1.020294383420782651e+02,-4.958500000000000130e-01,5.447130000000000027e-01,0.000000000000000000e+00
1.364533153333161977e+02,1.759128247277211399e+00,9.746300000000001074e-01,1.095300000000000024e-01,0.000000000000000000e+00
1.364533153333161977e+02,5.277384741831633974e+00,0.000000000000000000e+00,1.000000000000000000e+00,0.000000000000000000e+00
1.364533153333161977e+02,8.795641236386057216e+00,0.000000000000000000e+00,1.000000000000000000e+00,0.000000000000000000e+00
1.364533153333161977e+02,1.231389773094048046e+01,4.683189999999999298e-01,3.692750000000000199e-01,0.000000000000000000e+00
1.364533153333161977e+02,1.583215422549490192e+01,0.000000000000000000e+00,1.000000000000000000e+00,0.000000000000000000e+00
1.364533153333161977e+02,1.935041072004932516e+01,0.000000000000000000e+00,1.000000000000000000e+00,0.000000000000000000e+00
1.364533153333161977e+02,2.286866721460374663e+01,0.000000000000000000e+00,1.000000000000000000e+00,0.000000000000000000e+00
1.364533153333161977e+02,2.638692370915817165e+01,4.386599999999999944e-01,6.516450000000000298e-01,0.000000000000000000e+00
1.364533153333161977e+02,2.990518020371259311e+01,8.517299999999999871e-01,2.994299999999999740e-01,0.000000000000000000e+00
1.364533153333161977e+02,3.342343669826701813e+01,7.118400000000000283e-01,4.113200000000000189e-01,0.000000000000000000e+00
1.364533153333161977e+02,3.694169319282143960e+01,0.000000000000000000e+00,1.000000000000000000e+00,0.000000000000000000e+00
1.364533153333161977e+02,4.045994968737586106e+01,0.000000000000000000e+00,1.000000000000000000e+00,0.000000000000000000e+00
1.364533153333161977e+02,4.397820618193028253e+01,0.000000000000000000e+00,1.000000000000000000e+00,0.000000000000000000e+00
1.364533153333161977e+02,4.749646267648471110e+01,4.293199999999999794e-01,6.305449999999999111e-01,0.000000000000000000e+00
1.364533153333161977e+02,5.101471917103913256e+01,0.000000000000000000e+00,1.000000000000000000e+00,0.000000000000000000e+00
1.364533153333161977e+02,5.453297566559355403e+01,0.000000000000000000e+00,1.000000000000000000e+00,0.000000000000000000e+00
1.364533153333161977e+02,5.805123216014797549e+01,7.556199999999998473e-01,5.015800000000000258e-01,0.000000000000000000e+00
1.364533153333161977e+02,6.156948865470239696e+01,-8.591999999999998527e-01,-2.726950000000000207e-01,0.000000000000000000e+00
1.364533153333161977e+02,6.508774514925681842e+01,-8.391399999999999970e-01,1.760899999999999688e-01,0.000000000000000000e+00
1.364533153333161977e+02,6.860600164381123989e+01,0.000000000000000000e+00,1.000000000000000000e+00,0.000000000000000000e+00
1.364533153333161977e+02,7.212425813836566135e+01,0.000000000000000000e+00,1.000000000000000000e+00,0.000000000000000000e+00
1.364533153333161977e+02,7.564251463292009703e+01,4.580000000000000182e-01,6.677400000000000002e-01,0.000000000000000000e+00
1.364533153333161977e+02,7.916077112747451849e+01,0.000000000000000000e+00,1.000000000000000000e+00,0.000000000000000000e+00
1.364533153333161977e+02,8.267902762202893996e+01,-3.930850000000000177e-01,6.219400000000000484e-01,0.000000000000000000e+00
1.364533153333161977e+02,8.619728411658336142e+01,0.000000000000000000e+00,1.000000000000000000e+00,0.000000000000000000e+00
1.364533153333161977e+02,8.971554061113778289e+01,0.000000000000000000e+00,1.000000000000000000e+00,0.000000000000000000e+00
1.364533153333161977e+02,9.323379710569220435e+01,0.000000000000000000e+00,1.000000000000000000e+00,0.000000000000000000e+00
1.364533153333161977e+02,9.675205360024662582e+01,0.000000000000000000e+00,1.000000000000000000e+00,0.000000000000000000e+00
1.364533153333161977e+02,1.002703100948010473e+02,0.000000000000000000e+00,1.000000000000000000e+00,0.000000000000000000e+00
1.364533153333161977e+02,1.037885665893554688e+02,-1.428099999999999925e-01,9.790750000000000286e-01,0.000000000000000000e+00
1.382726928710937671e+02,3.518256494554422797e+00,-2.702899999999999747e-01,8.765600000000000058e-01,0.000000000000000000e+00
1.382726928710937671e+02,7.036512989108845595e+00,2.174899999999999889e-01,9.500750000000000028e-01,0.000000000000000000e+00
1.382726928710937671e+02,1.055476948366326795e+01,0.000000000000000000e+00,1.000000000000000000e+00,0.000000000000000000e+00
1.382726928710937671e+02,1.583215422549490192e+01,0.000000000000000000e+00,1.000000000000000000e+00,0.000000000000000000e+00
1.382726928710937671e+02,1.935041072004932516e+01,0.000000000000000000e+00,1.000000000000000000e+00,0.000000000000000000e+00
1.382726928710937671e+02,2.286866721460374663e+01,0.000000000000000000e+00,1.000000000000000000e+00,0.000000000000000000e+00
1.382726928710937671e+02,2.638692370915817165e+01,0.000000000000000000e+00,1.000000000000000000e+00,0.000000000000000000e+00
1.382726928710937671e+02,2.990518020371259311e+01,0.000000000000000000e+00,1.000000000000000000e+00,1.000000000000000000e+00
1.382726928710937671e+02,3.342343669826701813e+01,0.000000000000000000e+00,1.000000000000000000e+00,1.000000000000000000e+00
1.382726928710937671e+02,3.694169319282143960e+01,0.000000000000000000e+00,1.000000000000000000e+00,1.000000000000000000e+00
1.382726928710937671e+02,4.045994968737586106e+01,-2.931500000000000217e-01,8.501049999999999995e-01,0.000000000000000000e+00
1.382726928710937671e+02,4.397820618193028253e+01,-6.153999999999999471e-01,6.563200000000000145e-01,0.000000000000000000e+00
1.382726928710937671e+02,4.749646267648471110e+01,-3.470449999999999924e-01,7.666100000000000136e-01,0.000000000000000000e+00
1.382726928710937671e+02,5.101471917103913256e+01,0.000000000000000000e+00,1.000000000000000000e+00,0.000000000000000000e+00
1.382726928710937671e+02,5.453297566559355403e+01,3.383950000000000014e-01,3.638850000000000140e-01,0.000000000000000000e+00
1.382726928710937671e+02,5.805123216014797549e+01,0.000000000000000000e+00,1.000000000000000000e+00,0.000000000000000000e+00
1.382726928710937671e+02,6.156948865470239696e+01,0.000000000000000000e+00,1.000000000000000000e+00,1.000000000000000000e+00
1.382726928710937671e+02,6.508774514925681842e+01,0.000000000000000000e+00,1.000000000000000000e+00,1.000000000000000000e+00
1.382726928710937671e+02,6.860600164381123989e+01,-4.405049999999999799e-01,5.245119999999999783e-01,1.000000000000000000e+00
1.382726928710937671e+02,7.212425813836566135e+01,-8.563499999999998336e-01,3.559100000000000597e-01,1.000000000000000000e+00
1.382726928710937671e+02,7.564251463292009703e+01,-3.854150000000000076e-01,7.395350000000000534e-01,0.000000000000000000e+00
1.382726928710937671e+02,7.916077112747451849e+01,-6.166000000000000369e-01,5.655999999999999917e-01,0.000000000000000000e+00
1.382726928710937671e+02,8.267902762202893996e+01,-3.437350000000000128e-01,2.901799999999999935e-01,0.000000000000000000e+00
1.382726928710937671e+02,8.619728411658336142e+01,0.000000000000000000e+00,1.000000000000000000e+00,0.000000000000000000e+00
1.382726928710937671e+02,8.971554061113778289e+01,0.000000000000000000e+00,1.000000000000000000e+00,0.000000000000000000e+00
1.382726928710937671e+02,9.323379710569220435e+01,0.000000000000000000e+00,1.000000000000000000e+00,0.000000000000000000e+00
1.382726928710937671e+02,9.675205360024662582e+01,-4.404799999999999827e-01,6.457950000000000079e-01,0.000000000000000000e+00
1.382726928710937671e+02,1.002703100948010473e+02,-7.909500000000000419e-01,4.036000000000000143e-01,0.000000000000000000e+00
1.382726928710937671e+02,1.037885665893554688e+02,-3.851550000000000251e-01,5.328289999999999971e-01,0.000000000000000000e+00
1.400920704088713080e+02,3.518256494554422797e+00,0.000000000000000000e+00,1.000000000000000000e+00,0.000000000000000000e+00
1.400920704088713080e+02,7.036512989108845595e+00,4.875534999999999730e-01,3.565900000000000181e-01,0.000000000000000000e+00
1.400920704088713080e+02,1.055476948366326795e+01,9.481600000000000028e-01,-1.212099999999999844e-01,0.000000000000000000e+00
1.400920704088713080e+02,1.407302597821769119e+01,4.263250000000000095e-01,3.890449999999999742e-01,0.000000000000000000e+00
1.400920704088713080e+02,1.759128247277211443e+01,0.000000000000000000e+00,1.000000000000000000e+00,0.000000000000000000e+00
1.400920704088713080e+02,2.110953896732653590e+01,-3.689379500000000145e-01,4.702000000000000068e-01,0.000000000000000000e+00
1.400920704088713080e+02,2.462779546188096091e+01,8.568200000000000260e-01,-4.130999999999999117e-01,0.000000000000000000e+00
1.400920704088713080e+02,2.814605195643538238e+01,4.526899999999999813e-01,3.178199999999999914e-01,0.000000000000000000e+00
1.400920704088713080e+02,3.166430845098980384e+01,0.000000000000000000e+00,1.000000000000000000e+00,0.000000000000000000e+00
1.400920704088713080e+02,3.518256494554422886e+01,-3.541199999999999903e-01,8.529700000000000060e-01,0.000000000000000000e+00
1.400920704088713080e+02,3.870082144009865033e+01,-9.990000000000001101e-01,2.728900000000000770e-02,0.000000000000000000e+00
1.400920704088713080e+02,4.221907793465307179e+01,-4.976650000000000240e-01,4.980569499999999983e-01,0.000000000000000000e+00
1.400920704088713080e+02,4.573733442920749326e+01,-9.621300000000000407e-01,-5.552800000000001485e-02,0.000000000000000000e+00
1.400920704088713080e+02,4.925559092376192183e+01,0.000000000000000000e+00,1.000000000000000000e+00,0.000000000000000000e+00
1.400920704088713080e+02,5.277384741831634329e+01,1.107700000000000004e-02,4.163399999999999324e-01,0.000000000000000000e+00
1.400920704088713080e+02,5.629210391287076476e+01,4.690210000000000212e-01,6.469350000000000378e-01,0.000000000000000000e+00
1.400920704088713080e+02,5.981036040742518622e+01,0.000000000000000000e+00,1.000000000000000000e+00,0.000000000000000000e+00
1.400920704088713080e+02,6.332861690197960769e+01,0.000000000000000000e+00,1.000000000000000000e+00,0.000000000000000000e+00
1.400920704088713080e+02,6.684687339653403626e+01,9.588499999999999801e-01,1.362299999999999622e-01,0.000000000000000000e+00
1.400920704088713080e+02,7.036512989108845773e+01,4.693300000000000249e-01,5.813450000000000006e-01,0.000000000000000000e+00
1.400920704088713080e+02,7.388338638564287919e+01,7.828100000000000058e-01,3.570400000000000240e-01,0.000000000000000000e+00
1.400920704088713080e+02,7.740164288019730066e+01,5.811499999999991672e-02,-1.230350000000000055e-01,0.000000000000000000e+00
1.400920704088713080e+02,8.091989937475172212e+01,7.529099999999998571e-01,-7.526699999999997281e-02,0.000000000000000000e+00
1.400920704088713080e+02,8.443815586930614359e+01,0.000000000000000000e+00,1.000000000000000000e+00,0.000000000000000000e+00
1.400920704088713080e+02,8.795641236386056505e+01,0.000000000000000000e+00,1.000000000000000000e+00,0.000000000000000000e+00
1.400920704088713080e+02,9.147466885841498652e+01,-3.960699999999999776e-01,3.217550000000000132e-01,0.000000000000000000e+00
1.400920704088713080e+02,9.499292535296942219e+01,0.000000000000000000e+00,1.000000000000000000e+00,0.000000000000000000e+00
1.400920704088713080e+02,9.851118184752384366e+01,0.000000000000000000e+00,1.000000000000000000e+00,0.000000000000000000e+00
1.400920704088713080e+02,1.020294383420782651e+02,-9.051500000000000101e-01,-2.314299999999999968e-01,0.000000000000000000e+00
1.419114479466488490e+02,1.759128247277211399e+00,0.000000000000000000e+00,1.000000000000000000e+00,0.000000000000000000e+00
1.419114479466488490e+02,5.277384741831633974e+00,0.000000000000000000e+00,1.000000000000000000e+00,0.000000000000000000e+00
1.419114479466488490e+02,8.795641236386057216e+00,0.000000000000000000e+00,1.000000000000000000e+00,0.000000000000000000e+00
1.419114479466488490e+02,1.231389773094048046e+01,9.043099999999999472e-01,2.448400000000000021e-01,0.000000000000000000e+00
1.419114479466488490e+02,1.583215422549490192e+01,4.448449999999999904e-01,6.402499999999999858e-01,0.000000000000000000e+00
1.419114479466488490e+02,1.935041072004932516e+01,-7.415300000000000225e-01,-4.244800000000000240e-01,0.000000000000000000e+00
1.419114479466488490e+02,2.286866721460374663e+01,0.000000000000000000e+00,1.000000000000000000e+00,0.000000000000000000e+00
1.419114479466488490e+02,2.638692370915817165e+01,0.000000000000000000e+00,1.000000000000000000e+00,0.000000000000000000e+00
1.419114479466488490e+02,2.990518020371259311e+01,0.000000000000000000e+00,1.000000000000000000e+00,0.000000000000000000e+00
1.419114479466488490e+02,3.342343669826701813e+01,0.000000000000000000e+00,1.000000000000000000e+00,0.000000000000000000e+00
1.419114479466488490e+02,3.694169319282143960e+01,4.477599999999999983e-03,9.999550000000000383e-01,0.000000000000000000e+00
1.419114479466488490e+02,4.045994968737586106e+01,0.000000000000000000e+00,1.000000000000000000e+00,0.000000000000000000e+00
1.419114479466488490e+02,4.397820618193028253e+01,0.000000000000000000e+00,1.000000000000000000e+00,0.000000000000000000e+00
1.419114479466488490e+02,4.749646267648471110e+01,0.000000000000000000e+00,1.000000000000000000e+00,0.000000000000000000e+00
1.419114479466488490e+02,5.101471917103913256e+01,-2.556800000000000184e-01,8.138499999999998513e-01,0.000000000000000000e+00
1.419114479466488490e+02,5.453297566559355403e+01,0.000000000000000000e+00,1.000000000000000000e+00,0.000000000000000000e+00
1.419114479466488490e+02,5.981036040742518622e+01,2.836699999999999777e-01,9.558200000000000029e-01,0.000000000000000000e+00
1.419114479466488490e+02,6.332861690197960769e+01,0.000000000000000000e+00,1.000000000000000000e+00,0.000000000000000000e+00
1.419114479466488490e+02,6.684687339653403626e+01,0.000000000000000000e+00,1.000000000000000000e+00,0.000000000000000000e+00
1.419114479466488490e+02,7.036512989108845773e+01,0.000000000000000000e+00,1.000000000000000000e+00,0.000000000000000000e+00
1.419114479466488490e+02,7.388338638564287919e+01,0.000000000000000000e+00,1.000000000000000000e+00,0.000000000000000000e+00
1.419114479466488490e+02,7.740164288019730066e+01,0.000000000000000000e+00,1.000000000000000000e+00,0.000000000000000000e+00
1.419114479466488490e+02,8.091989937475172212e+01,0.000000000000000000e+00,1.000000000000000000e+00,0.000000000000000000e+00
1.419114479466488490e+02,8.443815586930614359e+01,0.000000000000000000e+00,1.000000000000000000e+00,0.000000000000000000e+00
1.419114479466488490e+02,8.795641236386056505e+01,0.000000000000000000e+00,1.000000000000000000e+00,0.000000000000000000e+00
1.419114479466488490e+02,9.147466885841498652e+01,-4.249049999999999772e-01,6.646849999999999703e-01,0.000000000000000000e+00
1.419114479466488490e+02,9.499292535296942219e+01,0.000000000000000000e+00,1.000000000000000000e+00,0.000000000000000000e+00
1.419114479466488490e+02,9.851118184752384366e+01,-4.014550000000000063e-01,4.293250000000000122e-01,0.000000000000000000e+00
1.419114479466488490e+02,1.020294383420782651e+02,0.000000000000000000e+00,1.000000000000000000e+00,0.000000000000000000e+00
1.437308254844263899e+02,1.759128247277211399e+00,-8.061499999999998112e-01,4.050549999999999984e-01,0.000000000000000000e+00
1.437308254844263899e+02,5.277384741831633974e+00,-7.194399999999999684e-01,4.709200000000000053e-01,0.000000000000000000e+00
1.437308254844263899e+02,8.795641236386057216e+00,4.195699999999999985e-01,6.227350000000000385e-01,0.000000000000000000e+00
1.437308254844263899e+02,1.231389773094048046e+01,0.000000000000000000e+00,1.000000000000000000e+00,0.000000000000000000e+00
1.437308254844263899e+02,1.583215422549490192e+01,0.000000000000000000e+00,1.000000000000000000e+00,0.000000000000000000e+00
1.437308254844263899e+02,1.935041072004932516e+01,0.000000000000000000e+00,1.000000000000000000e+00,0.000000000000000000e+00
1.437308254844263899e+02,2.286866721460374663e+01,3.961000000000000076e-01,3.256350000000000078e-01,0.000000000000000000e+00
1.437308254844263899e+02,2.638692370915817165e+01,0.000000000000000000e+00,1.000000000000000000e+00,0.000000000000000000e+00
1.437308254844263899e+02,2.990518020371259311e+01,4.440000000000000370e-03,-9.147500000000000075e-02,0.000000000000000000e+00
1.437308254844263899e+02,3.342343669826701813e+01,-8.395899999999998364e-01,3.961500000000000021e-01,0.000000000000000000e+00
1.437308254844263899e+02,3.694169319282143960e+01,-3.835350000000000148e-01,7.429999999999999938e-01,0.000000000000000000e+00
1.437308254844263899e+02,4.045994968737586106e+01,-6.278899999999999482e-01,5.792300000000000226e-01,0.000000000000000000e+00
1.437308254844263899e+02,4.397820618193028253e+01,-3.156800000000000161e-01,8.851700000000000124e-01,0.000000000000000000e+00
1.437308254844263899e+02,4.749646267648471110e+01,0.000000000000000000e+00,1.000000000000000000e+00,0.000000000000000000e+00
1.437308254844263899e+02,5.101471917103913256e+01,-4.373639999999999750e-01,6.867799999999999461e-01,0.000000000000000000e+00
1.437308254844263899e+02,5.453297566559355403e+01,-9.415000000000000036e-01,1.058200000000000252e-01,0.000000000000000000e+00
1.437308254844263899e+02,5.805123216014797549e+01,-4.574199999999999933e-01,6.007100000000000772e-01,0.000000000000000000e+00
1.437308254844263899e+02,6.156948865470239696e+01,-8.124400000000000510e-01,4.787000000000000144e-01,0.000000000000000000e+00
1.437308254844263899e+02,6.508774514925681842e+01,4.167629999999999946e-01,1.946799999999999919e-01,0.000000000000000000e+00
1.437308254844263899e+02,6.860600164381123989e+01,0.000000000000000000e+00,1.000000000000000000e+00,0.000000000000000000e+00
1.437308254844263899e+02,7.212425813836566135e+01,4.318799999999999861e-01,3.069800000000000306e-01,0.000000000000000000e+00
1.437308254844263899e+02,7.564251463292009703e+01,0.000000000000000000e+00,1.000000000000000000e+00,0.000000000000000000e+00
1.437308254844263899e+02,7.916077112747451849e+01,4.444649999999999990e-01,2.725600000000000245e-01,0.000000000000000000e+00
1.437308254844263899e+02,8.267902762202893996e+01,7.871299999999999963e-01,5.901300000000000434e-01,0.000000000000000000e+00
1.437308254844263899e+02,8.619728411658336142e+01,-9.863450000000000273e-01,7.650499999999996713e-03,0.000000000000000000e+00
1.437308254844263899e+02,8.971554061113778289e+01,9.434200000000000363e-01,1.427599999999999980e-01,0.000000000000000000e+00
1.437308254844263899e+02,9.323379710569220435e+01,8.761099999999998333e-01,1.127999999999999975e-01,0.000000000000000000e+00
1.437308254844263899e+02,9.675205360024662582e+01,5.473499999999999893e-02,-9.591100000000000181e-01,0.000000000000000000e+00
1.437308254844263899e+02,1.002703100948010473e+02,2.904699999999999990e-02,5.392500000000000071e-02,0.000000000000000000e+00
1.437308254844263899e+02,1.037885665893554688e+02,0.000000000000000000e+00,1.000000000000000000e+00,0.000000000000000000e+00
1.455502030222039593e+02,3.518256494554422797e+00,4.016649999999999943e-01,6.620200000000000529e-01,0.000000000000000000e+00
1.455502030222039593e+02,7.036512989108845595e+00,7.517700000000000493e-01,2.655699999999999728e-01,0.000000000000000000e+00
1.455502030222039593e+02,1.055476948366326795e+01,0.000000000000000000e+00,1.000000000000000000e+00,0.000000000000000000e+00
1.455502030222039593e+02,1.407302597821769119e+01,0.000000000000000000e+00,1.000000000000000000e+00,0.000000000000000000e+00
1.455502030222039593e+02,1.759128247277211443e+01,-4.298150000000000026e-01,3.383199999999999541e-01,0.000000000000000000e+00
1.455502030222039593e+02,2.110953896732653590e+01,0.000000000000000000e+00,1.000000000000000000e+00,0.000000000000000000e+00
1.455502030222039593e+02,2.462779546188096091e+01,0.000000000000000000e+00,1.000000000000000000e+00,0.000000000000000000e+00
1.455502030222039593e+02,2.814605195643538238e+01,8.780499999999999972e-01,3.108999999999999542e-01,0.000000000000000000e+00
1.455502030222039593e+02,3.166430845098980384e+01,-3.839999999999954561e-03,-3.330500000000002903e-02,0.000000000000000000e+00
1.455502030222039593e+02,3.518256494554422886e+01,-7.271900000000000031e-01,-3.351500000000000590e-01,0.000000000000000000e+00
1.455502030222039593e+02,3.870082144009865033e+01,-4.258100000000000218e-01,5.938749999999999307e-01,0.000000000000000000e+00
1.455502030222039593e+02,4.221907793465307179e+01,0.000000000000000000e+00,1.000000000000000000e+00,0.000000000000000000e+00
1.455502030222039593e+02,4.573733442920749326e+01,0.000000000000000000e+00,1.000000000000000000e+00,0.000000000000000000e+00
1.455502030222039593e+02,4.925559092376192183e+01,0.000000000000000000e+00,1.000000000000000000e+00,0.000000000000000000e+00
1.455502030222039593e+02,5.277384741831634329e+01,-4.103899999999999770e-01,5.685400000000000453e-01,0.000000000000000000e+00
1.455502030222039593e+02,5.629210391287076476e+01,0.000000000000000000e+00,1.000000000000000000e+00,0.000000000000000000e+00
1.455502030222039593e+02,5.981036040742518622e+01,3.723049999999999971e-01,7.827399999999999913e-01,0.000000000000000000e+00
1.455502030222039593e+02,6.332861690197960769e+01,-8.544399999999998663e-01,-2.435799999999999077e-01,0.000000000000000000e+00
1.455502030222039593e+02,6.684687339653403626e+01,4.610699999999999799e-01,5.497000000000000774e-01,0.000000000000000000e+00
1.455502030222039593e+02,7.036512989108845773e+01,0.000000000000000000e+00,1.000000000000000000e+00,0.000000000000000000e+00
1.455502030222039593e+02,7.388338638564287919e+01,0.000000000000000000e+00,1.000000000000000000e+00,0.000000000000000000e+00
1.455502030222039593e+02,7.740164288019730066e+01,0.000000000000000000e+00,1.000000000000000000e+00,0.000000000000000000e+00
1.455502030222039593e+02,8.091989937475172212e+01,1.551599999999999924e-01,9.729750000000000343e-01,0.000000000000000000e+00
1.455502030222039593e+02,8.443815586930614359e+01,6.729199999999999626e-01,7.395199999999998441e-01,0.000000000000000000e+00
1.455502030222039593e+02,8.795641236386056505e+01,0.000000000000000000e+00,1.000000000000000000e+00,0.000000000000000000e+00
1.455502030222039593e+02,9.147466885841498652e+01,0.000000000000000000e+00,1.000000000000000000e+00,0.000000000000000000e+00
1.455502030222039593e+02,9.499292535296942219e+01,0.000000000000000000e+00,1.000000000000000000e+00,0.000000000000000000e+00
1.455502030222039593e+02,9.851118184752384366e+01,0.000000000000000000e+00,1.000000000000000000e+00,0.000000000000000000e+00
1.455502030222039593e+02,1.037885665893554688e+02,-1.023700000000000027e-01,9.307100000000000373e-01,0.000000000000000000e+00
1.473695805599815003e+02,3.518256494554422797e+00,0.000000000000000000e+00,1.000000000000000000e+00,0.000000000000000000e+00
1.473695805599815003e+02,7.036512989108845595e+00,0.000000000000000000e+00,1.000000000000000000e+00,0.000000000000000000e+00
1.473695805599815003e+02,1.055476948366326795e+01,7.317500000000000393e-02,9.935399999999999787e-01,0.000000000000000000e+00
1.473695805599815003e+02,1.407302597821769119e+01,-6.342699999999999727e-02,9.490600000000000147e-01,0.000000000000000000e+00
1.473695805599815003e+02,1.759128247277211443e+01,-5.266200000000000880e-01,7.944599999999998330e-01,0.000000000000000000e+00
1.473695805599815003e+02,2.110953896732653590e+01,0.000000000000000000e+00,1.000000000000000000e+00,0.000000000000000000e+00
1.473695805599815003e+02,2.462779546188096091e+01,0.000000000000000000e+00,1.000000000000000000e+00,1.000000000000000000e+00
1.473695805599815003e+02,2.814605195643538238e+01,0.000000000000000000e+00,1.000000000000000000e+00,1.000000000000000000e+00
1.473695805599815003e+02,3.166430845098980384e+01,0.000000000000000000e+00,1.000000000000000000e+00,1.000000000000000000e+00
1.473695805599815003e+02,3.518256494554422886e+01,0.000000000000000000e+00,1.000000000000000000e+00,1.000000000000000000e+00
1.473695805599815003e+02,3.870082144009865033e+01,0.000000000000000000e+00,1.000000000000000000e+00,0.000000000000000000e+00
1.473695805599815003e+02,4.221907793465307179e+01,7.869500000000000384e-01,-3.372100000000000097e-01,0.000000000000000000e+00
1.473695805599815003e+02,4.573733442920749326e+01,-4.210450000000000026e-01,7.087050000000000294e-01,0.000000000000000000e+00
1.473695805599815003e+02,4.925559092376192183e+01,-7.102600000000000025e-01,5.239599999999999813e-01,0.000000000000000000e+00
1.473695805599815003e+02,5.277384741831634329e+01,-3.988450000000000051e-01,5.121120000000000116e-01,0.000000000000000000e+00
1.473695805599815003e+02,5.629210391287076476e+01,0.000000000000000000e+00,1.000000000000000000e+00,0.000000000000000000e+00
1.473695805599815003e+02,5.981036040742518622e+01,0.000000000000000000e+00,1.000000000000000000e+00,0.000000000000000000e+00
1.473695805599815003e+02,6.332861690197960769e+01,0.000000000000000000e+00,1.000000000000000000e+00,0.000000000000000000e+00
1.473695805599815003e+02,6.684687339653403626e+01,-4.368900000000000006e-01,6.737949999999999218e-01,0.000000000000000000e+00
1.473695805599815003e+02,7.036512989108845773e+01,-8.940399999999998348e-01,2.269700000000000883e-01,0.000000000000000000e+00
1.473695805599815003e+02,7.388338638564287919e+01,-5.408500000000004970e-02,9.199400000000002020e-02,0.000000000000000000e+00
1.473695805599815003e+02,7.740164288019730066e+01,0.000000000000000000e+00,1.000000000000000000e+00,0.000000000000000000e+00
1.473695805599815003e+02,8.091989937475172212e+01,-3.749549999999999828e-01,7.581999999999999851e-01,0.000000000000000000e+00
1.473695805599815003e+02,8.443815586930614359e+01,-5.913599999999999968e-01,6.312699999999999978e-01,0.000000000000000000e+00
1.473695805599815003e+02,8.795641236386056505e+01,-2.745299999999999963e-01,8.752249999999998087e-01,0.000000000000000000e+00
1.473695805599815003e+02,9.147466885841498652e+01,0.000000000000000000e+00,1.000000000000000000e+00,0.000000000000000000e+00
1.473695805599815003e+02,9.499292535296942219e+01,-4.176741250000000072e-01,6.803050000000000486e-01,0.000000000000000000e+00
1.473695805599815003e+02,9.851118184752384366e+01,-9.482100000000001083e-01,1.743300000000000405e-01,0.000000000000000000e+00
1.473695805599815003e+02,1.020294383420782651e+02,4.962500000000003020e-02,1.354700000000000071e-01,0.000000000000000000e+00
1.491889580977590413e+02,1.759128247277211399e+00,6.718600000000000128e-01,-5.776400000000001533e-01,0.000000000000000000e+00
1.491889580977590413e+02,5.277384741831633974e+00,1.796250000000000069e-01,6.127499999999996838e-02,0.000000000000000000e+00
1.491889580977590413e+02,8.795641236386057216e+00,0.000000000000000000e+00,1.000000000000000000e+00,0.000000000000000000e+00
1.491889580977590413e+02,1.231389773094048046e+01,4.744900000000000229e-01,3.725850000000000550e-01,0.000000000000000000e+00
1.491889580977590413e+02,1.583215422549490192e+01,-9.892700000000002047e-01,8.496099999999999486e-02,0.000000000000000000e+00
1.491889580977590413e+02,1.935041072004932516e+01,-4.999799999999999800e-01,4.962347999999999759e-01,0.000000000000000000e+00
1.491889580977590413e+02,2.286866721460374663e+01,0.000000000000000000e+00,1.000000000000000000e+00,0.000000000000000000e+00
1.491889580977590413e+02,2.638692370915817165e+01,-4.928299999999999903e-01,5.810850000000000737e-01,0.000000000000000000e+00
1.491889580977590413e+02,2.990518020371259311e+01,0.000000000000000000e+00,1.000000000000000000e+00,0.000000000000000000e+00
1.491889580977590413e+02,3.342343669826701813e+01,-4.933649999999999980e-01,4.688169999999999837e-01,0.000000000000000000e+00
1.491889580977590413e+02,3.694169319282143960e+01,0.000000000000000000e+00,1.000000000000000000e+00,0.000000000000000000e+00
1.491889580977590413e+02,4.045994968737586106e+01,4.823200000000000265e-01,5.423550000000000315e-01,0.000000000000000000e+00
1.491889580977590413e+02,4.397820618193028253e+01,9.013500000000002066e-01,2.913799999999999724e-01,0.000000000000000000e+00
1.491889580977590413e+02,4.749646267648471110e+01,8.254650000000000043e-01,3.428149999999999809e-01,0.000000000000000000e+00
1.491889580977590413e+02,5.101471917103913256e+01,9.749400000000000288e-01,6.777400000000000091e-02,0.000000000000000000e+00
1.491889580977590413e+02,5.453297566559355403e+01,0.000000000000000000e+00,1.000000000000000000e+00,0.000000000000000000e+00
1.491889580977590413e+02,5.805123216014797549e+01,0.000000000000000000e+00,1.000000000000000000e+00,0.000000000000000000e+00
1.491889580977590413e+02,6.156948865470239696e+01,0.000000000000000000e+00,1.000000000000000000e+00,0.000000000000000000e+00
1.491889580977590413e+02,6.508774514925681842e+01,0.000000000000000000e+00,1.000000000000000000e+00,0.000000000000000000e+00
1.491889580977590413e+02,6.860600164381123989e+01,0.000000000000000000e+00,1.000000000000000000e+00,0.000000000000000000e+00
1.491889580977590413e+02,7.212425813836566135e+01,-9.631199999999999761e-01,-1.713800000000000878e-01,0.000000000000000000e+00
1.491889580977590413e+02,7.564251463292009703e+01,-4.280800000000000161e-01,3.255350000000000188e-01,0.000000000000000000e+00
1.491889580977590413e+02,7.916077112747451849e+01,-5.935500000000000220e-01,-5.334099999999999397e-01,0.000000000000000000e+00
1.491889580977590413e+02,8.267902762202893996e+01,-3.822050000000000169e-01,6.184450000000000225e-01,0.000000000000000000e+00
1.491889580977590413e+02,8.619728411658336142e+01,0.000000000000000000e+00,1.000000000000000000e+00,0.000000000000000000e+00
1.491889580977590413e+02,8.971554061113778289e+01,0.000000000000000000e+00,1.000000000000000000e+00,0.000000000000000000e+00
1.491889580977590413e+02,9.323379710569220435e+01,0.000000000000000000e+00,1.000000000000000000e+00,0.000000000000000000e+00
1.491889580977590413e+02,9.675205360024662582e+01,-4.127000000000000113e-01,3.707599999999999785e-01,0.000000000000000000e+00
1.491889580977590413e+02,1.002703100948010473e+02,0.000000000000000000e+00,1.000000000000000000e+00,0.000000000000000000e+00
1.491889580977590413e+02,1.037885665893554688e+02,4.088749999999999885e-01,6.480799999999999894e-01,0.000000000000000000e+00
1.510083356355366107e+02,3.518256494554422797e+00,0.000000000000000000e+00,1.000000000000000000e+00,0.000000000000000000e+00
1.510083356355366107e+02,7.036512989108845595e+00,4.841199999999999948e-01,6.145800000000000152e-01,0.000000000000000000e+00
1.510083356355366107e+02,1.055476948366326795e+01,0.000000000000000000e+00,1.000000000000000000e+00,0.000000000000000000e+00
1.510083356355366107e+02,1.407302597821769119e+01,0.000000000000000000e+00,1.000000000000000000e+00,0.000000000000000000e+00
1.510083356355366107e+02,1.759128247277211443e+01,0.000000000000000000e+00,1.000000000000000000e+00,0.000000000000000000e+00
1.510083356355366107e+02,2.110953896732653590e+01,0.000000000000000000e+00,1.000000000000000000e+00,0.000000000000000000e+00
1.510083356355366107e+02,2.462779546188096091e+01,0.000000000000000000e+00,1.000000000000000000e+00,0.000000000000000000e+00
1.510083356355366107e+02,2.814605195643538238e+01,0.000000000000000000e+00,1.000000000000000000e+00,0.000000000000000000e+00
1.510083356355366107e+02,3.166430845098980384e+01,0.000000000000000000e+00,1.000000000000000000e+00,0.000000000000000000e+00
1.510083356355366107e+02,3.518256494554422886e+01,1.081799999999999984e-01,9.862450000000000383e-01,0.000000000000000000e+00
1.510083356355366107e+02,3.870082144009865033e+01,0.000000000000000000e+00,1.000000000000000000e+00,0.000000000000000000e+00
1.510083356355366107e+02,4.397820618193028253e+01,0.000000000000000000e+00,1.000000000000000000e+00,1.000000000000000000e+00
1.510083356355366107e+02,4.749646267648471110e+01,0.000000000000000000e+00,1.000000000000000000e+00,0.000000000000000000e+00
1.510083356355366107e+02,5.101471917103913256e+01,0.000000000000000000e+00,1.000000000000000000e+00,0.000000000000000000e+00
1.510083356355366107e+02,5.453297566559355403e+01,0.000000000000000000e+00,1.000000000000000000e+00,0.000000000000000000e+00
1.510083356355366107e+02,5.805123216014797549e+01,-3.280299999999999883e-01,8.971500000000000030e-01,0.000000000000000000e+00
1.510083356355366107e+02,6.156948865470239696e+01,2.975450000000000039e-01,9.015550000000001063e-01,0.000000000000000000e+00
1.510083356355366107e+02,6.508774514925681842e+01,8.933600000000000430e-01,3.174500000000000099e-01,1.000000000000000000e+00
1.510083356355366107e+02,6.860600164381123989e+01,4.137600000000000167e-01,7.100499999999999590e-01,1.000000000000000000e+00
1.510083356355366107e+02,7.212425813836566135e+01,0.000000000000000000e+00,1.000000000000000000e+00,1.000000000000000000e+00
1.510083356355366107e+02,7.564251463292009703e+01,0.000000000000000000e+00,1.000000000000000000e+00,0.000000000000000000e+00
1.510083356355366107e+02,7.916077112747451849e+01,0.000000000000000000e+00,1.000000000000000000e+00,1.000000000000000000e+00
1.510083356355366107e+02,8.267902762202893996e+01,-4.021199999999999775e-01,4.523415000000000630e-01,0.000000000000000000e+00
1.510083356355366107e+02,8.619728411658336142e+01,0.000000000000000000e+00,1.000000000000000000e+00,0.000000000000000000e+00
1.510083356355366107e+02,8.971554061113778289e+01,-3.882349999999999968e-01,7.132149999999999324e-01,0.000000000000000000e+00
1.510083356355366107e+02,9.323379710569220435e+01,-6.758499999999999508e-01,5.129700000000000371e-01,0.000000000000000000e+00
1.510083356355366107e+02,9.675205360024662582e+01,-3.522899999999999920e-01,7.371649999999998482e-01,0.000000000000000000e+00
1.510083356355366107e+02,1.002703100948010473e+02,0.000000000000000000e+00,1.000000000000000000e+00,0.000000000000000000e+00
1.510083356355366107e+02,1.037885665893554688e+02,0.000000000000000000e+00,1.000000000000000000e+00,0.000000000000000000e+00
1.528277131733141516e+02,3.518256494554422797e+00,-8.081899999999998530e-01,4.524900000000000588e-01,0.000000000000000000e+00
1.528277131733141516e+02,7.036512989108845595e+00,-8.204850000000000199e-01,3.915500000000000091e-01,0.000000000000000000e+00
1.528277131733141516e+02,1.055476948366326795e+01,5.753599999999999826e-01,-5.989299999999999624e-01,0.000000000000000000e+00
1.528277131733141516e+02,1.407302597821769119e+01,-4.115750000000000242e-01,4.175550000000000095e-01,0.000000000000000000e+00
1.528277131733141516e+02,1.759128247277211443e+01,0.000000000000000000e+00,1.000000000000000000e+00,0.000000000000000000e+00
1.528277131733141516e+02,2.110953896732653590e+01,0.000000000000000000e+00,1.000000000000000000e+00,0.000000000000000000e+00
1.528277131733141516e+02,2.462779546188096091e+01,0.000000000000000000e+00,1.000000000000000000e+00,0.000000000000000000e+00
1.528277131733141516e+02,2.814605195643538238e+01,-4.348549999999999915e-01,6.368249999999999744e-01,0.000000000000000000e+00
1.528277131733141516e+02,3.166430845098980384e+01,0.000000000000000000e+00,1.000000000000000000e+00,0.000000000000000000e+00
1.528277131733141516e+02,3.518256494554422886e+01,-4.458500000000000241e-01,6.742299999999999960e-01,0.000000000000000000e+00
1.528277131733141516e+02,3.870082144009865033e+01,8.535000000000000364e-01,-3.776700000000000057e-01,0.000000000000000000e+00
1.528277131733141516e+02,4.221907793465307179e+01,-3.958849999999999869e-01,7.448449999999998683e-01,0.000000000000000000e+00
1.528277131733141516e+02,4.573733442920749326e+01,8.064200000000000257e-01,-4.667899999999999827e-01,0.000000000000000000e+00
1.528277131733141516e+02,4.925559092376192183e+01,0.000000000000000000e+00,1.000000000000000000e+00,0.000000000000000000e+00
1.528277131733141516e+02,5.277384741831634329e+01,0.000000000000000000e+00,1.000000000000000000e+00,0.000000000000000000e+00
1.528277131733141516e+02,5.629210391287076476e+01,-4.110300000000000065e-01,7.448799999999999866e-01,0.000000000000000000e+00
1.528277131733141516e+02,5.981036040742518622e+01,7.577800000000000091e-01,7.375400000000002787e-02,0.000000000000000000e+00
1.528277131733141516e+02,6.332861690197960769e+01,4.965649999999999786e-01,4.522554999999999770e-01,0.000000000000000000e+00
1.528277131733141516e+02,6.684687339653403626e+01,0.000000000000000000e+00,1.000000000000000000e+00,0.000000000000000000e+00
1.528277131733141516e+02,7.036512989108845773e+01,0.000000000000000000e+00,1.000000000000000000e+00,0.000000000000000000e+00
1.528277131733141516e+02,7.388338638564287919e+01,0.000000000000000000e+00,1.000000000000000000e+00,0.000000000000000000e+00
1.528277131733141516e+02,7.740164288019730066e+01,4.922849999999999726e-01,5.618600000000000261e-01,0.000000000000000000e+00
1.528277131733141516e+02,8.091989937475172212e+01,0.000000000000000000e+00,1.000000000000000000e+00,0.000000000000000000e+00
1.528277131733141516e+02,8.443815586930614359e+01,0.000000000000000000e+00,1.000000000000000000e+00,0.000000000000000000e+00
1.528277131733141516e+02,8.795641236386056505e+01,8.692900000000000071e-01,3.456200000000000383e-01,0.000000000000000000e+00
1.528277131733141516e+02,9.147466885841498652e+01,8.879349999999998078e-01,2.666299999999999781e-01,0.000000000000000000e+00
1.528277131733141516e+02,9.499292535296942219e+01,7.125200000000000422e-01,5.622099999999999875e-01,0.000000000000000000e+00
1.528277131733141516e+02,9.851118184752384366e+01,4.215749999999999775e-01,5.580049999999999732e-01,0.000000000000000000e+00
1.528277131733141516e+02,1.020294383420782651e+02,0.000000000000000000e+00,1.000000000000000000e+00,0.000000000000000000e+00
1.546470907110916926e+02,1.759128247277211399e+00,4.373949999999999783e-01,6.482550000000000257e-01,0.000000000000000000e+00
1.546470907110916926e+02,5.277384741831633974e+00,8.168299999999998340e-01,3.296300000000000341e-01,0.000000000000000000e+00
1.546470907110916926e+02,8.795641236386057216e+00,1.204049999999999843e-01,-1.406699999999999895e-01,0.000000000000000000e+00
1.546470907110916926e+02,1.231389773094048046e+01,0.000000000000000000e+00,1.000000000000000000e+00,0.000000000000000000e+00
1.546470907110916926e+02,1.583215422549490192e+01,0.000000000000000000e+00,1.000000000000000000e+00,0.000000000000000000e+00
1.546470907110916926e+02,1.935041072004932516e+01,0.000000000000000000e+00,1.000000000000000000e+00,0.000000000000000000e+00
1.546470907110916926e+02,2.286866721460374663e+01,-4.289700000000000180e-01,3.853400000000000158e-01,0.000000000000000000e+00
1.546470907110916926e+02,2.638692370915817165e+01,0.000000000000000000e+00,1.000000000000000000e+00,0.000000000000000000e+00
1.546470907110916926e+02,2.990518020371259311e+01,0.000000000000000000e+00,1.000000000000000000e+00,0.000000000000000000e+00
1.546470907110916926e+02,3.342343669826701813e+01,-7.483999999999998431e-01,-4.789100000000000024e-01,0.000000000000000000e+00
1.546470907110916926e+02,3.694169319282143960e+01,4.109749999999999792e-01,6.779850000000000598e-01,0.000000000000000000e+00
1.546470907110916926e+02,4.045994968737586106e+01,0.000000000000000000e+00,1.000000000000000000e+00,0.000000000000000000e+00
1.546470907110916926e+02,4.397820618193028253e+01,0.000000000000000000e+00,1.000000000000000000e+00,0.000000000000000000e+00
1.546470907110916926e+02,4.749646267648471110e+01,0.000000000000000000e+00,1.000000000000000000e+00,0.000000000000000000e+00
1.546470907110916926e+02,5.101471917103913256e+01,-4.800099999999999922e-01,4.199950000000000072e-01,0.000000000000000000e+00
1.546470907110916926e+02,5.453297566559355403e+01,-8.929599999999998650e-01,-2.095999999999999530e-01,0.000000000000000000e+00
1.546470907110916926e+02,5.805123216014797549e+01,-3.808250000000000246e-01,7.088650000000000784e-01,0.000000000000000000e+00
1.546470907110916926e+02,6.156948865470239696e+01,0.000000000000000000e+00,1.000000000000000000e+00,0.000000000000000000e+00
1.546470907110916926e+02,6.508774514925681842e+01,1.122500000000000026e-01,9.753899999999999793e-01,0.000000000000000000e+00
1.546470907110916926e+02,6.860600164381123989e+01,0.000000000000000000e+00,1.000000000000000000e+00,0.000000000000000000e+00
1.546470907110916926e+02,7.212425813836566135e+01,0.000000000000000000e+00,1.000000000000000000e+00,0.000000000000000000e+00
1.546470907110916926e+02,7.564251463292009703e+01,0.000000000000000000e+00,1.000000000000000000e+00,0.000000000000000000e+00
1.546470907110916926e+02,7.916077112747451849e+01,-1.348000000000000032e-01,9.814450000000000118e-01,0.000000000000000000e+00
1.546470907110916926e+02,8.267902762202893996e+01,0.000000000000000000e+00,1.000000000000000000e+00,0.000000000000000000e+00
1.546470907110916926e+02,8.795641236386056505e+01,0.000000000000000000e+00,1.000000000000000000e+00,0.000000000000000000e+00
1.546470907110916926e+02,9.147466885841498652e+01,0.000000000000000000e+00,1.000000000000000000e+00,0.000000000000000000e+00
1.546470907110916926e+02,9.499292535296942219e+01,0.000000000000000000e+00,1.000000000000000000e+00,0.000000000000000000e+00
1.546470907110916926e+02,9.851118184752384366e+01,0.000000000000000000e+00,1.000000000000000000e+00,0.000000000000000000e+00
1.546470907110916926e+02,1.020294383420782651e+02,6.429200000000000192e-02,9.969200000000000284e-01,0.000000000000000000e+00
1.564664682488692620e+02,1.759128247277211399e+00,0.000000000000000000e+00,1.000000000000000000e+00,0.000000000000000000e+00
1.564664682488692620e+02,5.277384741831633974e+00,0.000000000000000000e+00,1.000000000000000000e+00,0.000000000000000000e+00
1.564664682488692620e+02,8.795641236386057216e+00,0.000000000000000000e+00,1.000000000000000000e+00,0.000000000000000000e+00
1.564664682488692620e+02,1.231389773094048046e+01,0.000000000000000000e+00,1.000000000000000000e+00,0.000000000000000000e+00
1.564664682488692620e+02,1.583215422549490192e+01,1.509199999999999986e-01,5.919900000000000162e-01,0.000000000000000000e+00
1.564664682488692620e+02,1.935041072004932516e+01,-7.128700000000000037e-01,5.427100000000000257e-01,0.000000000000000000e+00
1.564664682488692620e+02,2.286866721460374663e+01,-3.658500000000000085e-01,7.289400000000000324e-01,0.000000000000000000e+00
1.564664682488692620e+02,2.638692370915817165e+01,0.000000000000000000e+00,1.000000000000000000e+00,0.000000000000000000e+00
1.564664682488692620e+02,2.990518020371259311e+01,-4.113800000000000234e-01,5.251345000000000596e-01,0.000000000000000000e+00
1.564664682488692620e+02,3.342343669826701813e+01,0.000000000000000000e+00,1.000000000000000000e+00,0.000000000000000000e+00
1.564664682488692620e+02,3.694169319282143960e+01,0.000000000000000000e+00,1.000000000000000000e+00,0.000000000000000000e+00
1.564664682488692620e+02,4.045994968737586106e+01,0.000000000000000000e+00,1.000000000000000000e+00,0.000000000000000000e+00
1.564664682488692620e+02,4.397820618193028253e+01,-4.358299999999999952e-01,5.377615000000000034e-01,0.000000000000000000e+00
1.564664682488692620e+02,4.749646267648471110e+01,0.000000000000000000e+00,1.000000000000000000e+00,0.000000000000000000e+00
1.564664682488692620e+02,5.101471917103913256e+01,-3.761599999999999944e-01,7.408500000000000085e-01,0.000000000000000000e+00
1.564664682488692620e+02,5.453297566559355403e+01,-6.556499999999999551e-01,5.503299999999999859e-01,0.000000000000000000e+00
1.564664682488692620e+02,5.805123216014797549e+01,-3.581949999999999856e-01,6.717699999999999783e-01,0.000000000000000000e+00
1.564664682488692620e+02,6.156948865470239696e+01,0.000000000000000000e+00,1.000000000000000000e+00,0.000000000000000000e+00
1.564664682488692620e+02,6.508774514925681842e+01,0.000000000000000000e+00,1.000000000000000000e+00,0.000000000000000000e+00
1.564664682488692620e+02,6.860600164381123989e+01,0.000000000000000000e+00,1.000000000000000000e+00,0.000000000000000000e+00
1.564664682488692620e+02,7.212425813836566135e+01,-4.367800000000000016e-01,6.629300000000000193e-01,0.000000000000000000e+00
1.564664682488692620e+02,7.564251463292009703e+01,-7.656999999999998252e-01,4.060400000000000120e-01,0.000000000000000000e+00
1.564664682488692620e+02,7.916077112747451849e+01,-3.541099999999999803e-01,5.487644999999999884e-01,0.000000000000000000e+00
1.564664682488692620e+02,8.267902762202893996e+01,0.000000000000000000e+00,1.000000000000000000e+00,0.000000000000000000e+00
1.564664682488692620e+02,8.619728411658336142e+01,-3.952641000000000071e-01,5.925050000000000594e-01,0.000000000000000000e+00
1.564664682488692620e+02,8.971554061113778289e+01,0.000000000000000000e+00,1.000000000000000000e+00,0.000000000000000000e+00
1.564664682488692620e+02,9.323379710569220435e+01,-4.323799999999999866e-01,7.055549999999999322e-01,0.000000000000000000e+00
1.564664682488692620e+02,9.675205360024662582e+01,0.000000000000000000e+00,1.000000000000000000e+00,0.000000000000000000e+00
1.564664682488692620e+02,1.002703100948010473e+02,-3.426500000000000101e-01,8.180300000000000349e-01,0.000000000000000000e+00
1.564664682488692620e+02,1.037885665893554688e+02,-9.963600000000000234e-01,2.927400000000002570e-02,0.000000000000000000e+00
1.582858457866468029e+02,3.518256494554422797e+00,-4.647149999999999892e-01,6.596999999999999531e-01,0.000000000000000000e+00
1.582858457866468029e+02,7.036512989108845595e+00,0.000000000000000000e+00,1.000000000000000000e+00,0.000000000000000000e+00
1.582858457866468029e+02,1.055476948366326795e+01,-4.145499999999999741e-01,7.783249999999998225e-01,0.000000000000000000e+00
1.582858457866468029e+02,1.407302597821769119e+01,9.937800000000001077e-01,4.589500000000001911e-02,0.000000000000000000e+00
1.582858457866468029e+02,1.759128247277211443e+01,-9.809999999999983664e-03,5.522099999999999231e-02,0.000000000000000000e+00
1.582858457866468029e+02,2.110953896732653590e+01,9.311800000000000077e-01,8.171499999999998209e-02,0.000000000000000000e+00
1.582858457866468029e+02,2.462779546188096091e+01,1.135349999999999970e-01,6.163500000000000228e-02,0.000000000000000000e+00
1.582858457866468029e+02,2.814605195643538238e+01,-1.312800000000000078e-01,6.085899999999999643e-01,0.000000000000000000e+00
1.582858457866468029e+02,3.166430845098980384e+01,4.242679999999999785e-01,6.270899999999999253e-01,0.000000000000000000e+00
1.582858457866468029e+02,3.518256494554422886e+01,0.000000000000000000e+00,1.000000000000000000e+00,0.000000000000000000e+00
1.582858457866468029e+02,3.870082144009865033e+01,0.000000000000000000e+00,1.000000000000000000e+00,0.000000000000000000e+00
1.582858457866468029e+02,4.221907793465307179e+01,9.636400000000000521e-01,1.301899999999999724e-01,0.000000000000000000e+00
1.582858457866468029e+02,4.573733442920749326e+01,-1.260999999999990080e-02,5.402000000000000551e-02,0.000000000000000000e+00
1.582858457866468029e+02,4.925559092376192183e+01,7.558599999999998653e-01,3.295200000000000351e-01,0.000000000000000000e+00
1.582858457866468029e+02,5.277384741831634329e+01,-8.389349999999999863e-01,-2.123740000000000072e-01,0.000000000000000000e+00
1.582858457866468029e+02,5.629210391287076476e+01,-7.587300000000000155e-01,-7.025199999999998113e-02,0.000000000000000000e+00
1.582858457866468029e+02,5.981036040742518622e+01,0.000000000000000000e+00,1.000000000000000000e+00,0.000000000000000000e+00
1.582858457866468029e+02,6.332861690197960769e+01,0.000000000000000000e+00,1.000000000000000000e+00,0.000000000000000000e+00
1.582858457866468029e+02,6.684687339653403626e+01,-4.207150000000000056e-01,3.120850000000000568e-01,0.000000000000000000e+00
1.582858457866468029e+02,7.036512989108845773e+01,0.000000000000000000e+00,1.000000000000000000e+00,0.000000000000000000e+00
1.582858457866468029e+02,7.388338638564287919e+01,-4.481299999999999728e-01,3.828199999999999381e-01,0.000000000000000000e+00
1.582858457866468029e+02,7.740164288019730066e+01,0.000000000000000000e+00,1.000000000000000000e+00,0.000000000000000000e+00
1.582858457866468029e+02,8.091989937475172212e+01,-3.959199999999999942e-01,2.850449999999999928e-01,0.000000000000000000e+00
1.582858457866468029e+02,8.443815586930614359e+01,0.000000000000000000e+00,1.000000000000000000e+00,0.000000000000000000e+00
1.582858457866468029e+02,8.795641236386056505e+01,0.000000000000000000e+00,1.000000000000000000e+00,0.000000000000000000e+00
1.582858457866468029e+02,9.147466885841498652e+01,0.000000000000000000e+00,1.000000000000000000e+00,0.000000000000000000e+00
1.582858457866468029e+02,9.499292535296942219e+01,-4.353299999999999947e-01,3.181249999999999911e-01,0.000000000000000000e+00
1.582858457866468029e+02,9.851118184752384366e+01,7.811299999999999910e-01,6.138099999999999667e-01,0.000000000000000000e+00
1.582858457866468029e+02,1.020294383420782651e+02,0.000000000000000000e+00,1.000000000000000000e+00,0.000000000000000000e+00
1.601052233244243439e+02,1.759128247277211399e+00,0.000000000000000000e+00,1.000000000000000000e+00,0.000000000000000000e+00
1.601052233244243439e+02,5.277384741831633974e+00,0.000000000000000000e+00,1.000000000000000000e+00,0.000000000000000000e+00
1.601052233244243439e+02,8.795641236386057216e+00,0.000000000000000000e+00,1.000000000000000000e+00,0.000000000000000000e+00
1.601052233244243439e+02,1.231389773094048046e+01,8.638500000000000345e-02,9.924049999999999816e-01,0.000000000000000000e+00
1.601052233244243439e+02,1.583215422549490192e+01,0.000000000000000000e+00,1.000000000000000000e+00,0.000000000000000000e+00
1.601052233244243439e+02,1.935041072004932516e+01,0.000000000000000000e+00,1.000000000000000000e+00,0.000000000000000000e+00
1.601052233244243439e+02,2.286866721460374663e+01,0.000000000000000000e+00,1.000000000000000000e+00,0.000000000000000000e+00
1.601052233244243439e+02,2.814605195643538238e+01,0.000000000000000000e+00,1.000000000000000000e+00,1.000000000000000000e+00
1.601052233244243439e+02,3.166430845098980384e+01,0.000000000000000000e+00,1.000000000000000000e+00,0.000000000000000000e+00
1.601052233244243439e+02,3.518256494554422886e+01,3.740800000000000236e-01,9.248899999999999899e-01,0.000000000000000000e+00
1.601052233244243439e+02,3.870082144009865033e+01,6.166499999999999759e-02,9.926049999999999596e-01,0.000000000000000000e+00
1.601052233244243439e+02,4.221907793465307179e+01,0.000000000000000000e+00,1.000000000000000000e+00,1.000000000000000000e+00
1.601052233244243439e+02,4.573733442920749326e+01,0.000000000000000000e+00,1.000000000000000000e+00,1.000000000000000000e+00
1.601052233244243439e+02,4.925559092376192183e+01,0.000000000000000000e+00,1.000000000000000000e+00,0.000000000000000000e+00
1.601052233244243439e+02,5.277384741831634329e+01,-4.738399999999999834e-01,6.481749999999999456e-01,0.000000000000000000e+00
1.601052233244243439e+02,5.629210391287076476e+01,0.000000000000000000e+00,1.000000000000000000e+00,0.000000000000000000e+00
1.601052233244243439e+02,5.981036040742518622e+01,0.000000000000000000e+00,1.000000000000000000e+00,0.000000000000000000e+00
1.601052233244243439e+02,6.332861690197960769e+01,-7.239700000000000024e-01,5.014600000000000168e-01,0.000000000000000000e+00
1.601052233244243439e+02,6.684687339653403626e+01,-4.035949999999999815e-01,6.889800000000000368e-01,0.000000000000000000e+00
1.601052233244243439e+02,7.036512989108845773e+01,0.000000000000000000e+00,1.000000000000000000e+00,0.000000000000000000e+00
1.601052233244243439e+02,7.388338638564287919e+01,-3.916049999999999809e-01,4.294250000000000012e-01,0.000000000000000000e+00
1.601052233244243439e+02,7.740164288019730066e+01,0.000000000000000000e+00,1.000000000000000000e+00,0.000000000000000000e+00
1.601052233244243439e+02,8.091989937475172212e+01,-4.398799999999999932e-01,6.828049999999999953e-01,0.000000000000000000e+00
1.601052233244243439e+02,8.443815586930614359e+01,0.000000000000000000e+00,1.000000000000000000e+00,0.000000000000000000e+00
1.601052233244243439e+02,8.795641236386056505e+01,-4.457300000000000151e-01,4.564159999999999329e-01,0.000000000000000000e+00
1.601052233244243439e+02,9.147466885841498652e+01,0.000000000000000000e+00,1.000000000000000000e+00,0.000000000000000000e+00
1.601052233244243439e+02,9.499292535296942219e+01,-4.098300000000000276e-01,7.170449999999999324e-01,0.000000000000000000e+00
1.601052233244243439e+02,9.851118184752384366e+01,-8.129199999999998649e-01,3.792800000000000615e-01,0.000000000000000000e+00
1.601052233244243439e+02,1.020294383420782651e+02,-3.219150000000000067e-01,8.046249999999998126e-01,0.000000000000000000e+00
1.619246008622018849e+02,1.759128247277211399e+00,0.000000000000000000e+00,1.000000000000000000e+00,0.000000000000000000e+00
1.619246008622018849e+02,5.277384741831633974e+00,1.827000000000000846e-02,-6.718999999999997197e-02,0.000000000000000000e+00
1.619246008622018849e+02,8.795641236386057216e+00,-8.462499999999998357e-01,3.848300000000000054e-01,0.000000000000000000e+00
1.619246008622018849e+02,1.231389773094048046e+01,-3.793849999999999723e-01,7.477300000000000058e-01,0.000000000000000000e+00
1.619246008622018849e+02,1.583215422549490192e+01,-6.561500000000000110e-01,5.738100000000000422e-01,0.000000000000000000e+00
1.619246008622018849e+02,1.935041072004932516e+01,2.109149999999999914e-01,4.951499999999997570e-02,0.000000000000000000e+00
1.619246008622018849e+02,2.286866721460374663e+01,0.000000000000000000e+00,1.000000000000000000e+00,0.000000000000000000e+00
1.619246008622018849e+02,2.638692370915817165e+01,-3.998300000000000187e-01,-2.809600000000000430e-01,0.000000000000000000e+00
1.619246008622018849e+02,2.990518020371259311e+01,-9.405000000000000027e-01,1.036199999999999760e-01,0.000000000000000000e+00
1.619246008622018849e+02,3.342343669826701813e+01,-4.709599999999999898e-01,5.972150000000000514e-01,0.000000000000000000e+00
1.619246008622018849e+02,3.694169319282143960e+01,-9.927599999999998648e-01,7.914600000000004965e-02,0.000000000000000000e+00
1.619246008622018849e+02,4.045994968737586106e+01,4.605199999999999849e-01,3.240049999999999875e-01,0.000000000000000000e+00
1.619246008622018849e+02,4.397820618193028253e+01,0.000000000000000000e+00,1.000000000000000000e+00,0.000000000000000000e+00
1.619246008622018849e+02,4.749646267648471110e+01,-4.324899999999999856e-01,6.873549999999999383e-01,0.000000000000000000e+00
1.619246008622018849e+02,5.101471917103913256e+01,0.000000000000000000e+00,1.000000000000000000e+00,0.000000000000000000e+00
1.619246008622018849e+02,5.453297566559355403e+01,4.640500000000000180e-01,3.187600000000000433e-01,0.000000000000000000e+00
1.619246008622018849e+02,5.805123216014797549e+01,9.358699999999999797e-01,3.117500000000000271e-01,0.000000000000000000e+00
1.619246008622018849e+02,6.156948865470239696e+01,9.715300000000000047e-01,9.372349999999998738e-02,0.000000000000000000e+00
1.619246008622018849e+02,6.508774514925681842e+01,9.074799999999998423e-01,2.317700000000000315e-01,0.000000000000000000e+00
1.619246008622018849e+02,6.860600164381123989e+01,7.649650000000000061e-01,3.717300000000000049e-01,0.000000000000000000e+00
1.619246008622018849e+02,7.212425813836566135e+01,1.656799999999999939e-01,4.081199999999999828e-01,0.000000000000000000e+00
1.619246008622018849e+02,7.564251463292009703e+01,-5.646999999999999936e-02,9.268849999999999589e-01,0.000000000000000000e+00
1.619246008622018849e+02,7.916077112747451849e+01,0.000000000000000000e+00,1.000000000000000000e+00,0.000000000000000000e+00
1.619246008622018849e+02,8.267902762202893996e+01,4.290700000000000069e-01,6.437900000000000844e-01,0.000000000000000000e+00
1.619246008622018849e+02,8.619728411658336142e+01,0.000000000000000000e+00,1.000000000000000000e+00,0.000000000000000000e+00
1.619246008622018849e+02,8.971554061113778289e+01,-4.384000000000000119e-01,3.344500000000000250e-01,0.000000000000000000e+00
1.619246008622018849e+02,9.323379710569220435e+01,-8.259100000000000330e-01,-3.752699999999999925e-01,0.000000000000000000e+00
1.619246008622018849e+02,9.675205360024662582e+01,-8.408149999999998681e-01,-2.039849999999999997e-01,0.000000000000000000e+00
1.619246008622018849e+02,1.002703100948010473e+02,5.476299999999999502e-01,6.205899999999999750e-01,0.000000000000000000e+00
1.619246008622018849e+02,1.037885665893554688e+02,0.000000000000000000e+00,1.000000000000000000e+00,0.000000000000000000e+00
1.637439783999794543e+02,3.518256494554422797e+00,8.738700000000000356e-01,3.147499999999999742e-01,0.000000000000000000e+00
1.637439783999794543e+02,7.036512989108845595e+00,4.999999999999448652e-05,-4.411000000000003807e-02,0.000000000000000000e+00
1.637439783999794543e+02,1.055476948366326795e+01,-7.975700000000000012e-01,3.322499999999999343e-01,0.000000000000000000e+00
1.637439783999794543e+02,1.407302597821769119e+01,4.073700000000000099e-01,3.845899999999999874e-01,0.000000000000000000e+00
1.637439783999794543e+02,1.759128247277211443e+01,0.000000000000000000e+00,1.000000000000000000e+00,0.000000000000000000e+00
1.637439783999794543e+02,2.110953896732653590e+01,0.000000000000000000e+00,1.000000000000000000e+00,0.000000000000000000e+00
1.637439783999794543e+02,2.462779546188096091e+01,0.000000000000000000e+00,1.000000000000000000e+00,0.000000000000000000e+00
1.637439783999794543e+02,2.814605195643538238e+01,3.684499999999999997e-01,3.505699999999999372e-01,0.000000000000000000e+00
1.637439783999794543e+02,3.166430845098980384e+01,0.000000000000000000e+00,1.000000000000000000e+00,0.000000000000000000e+00
1.637439783999794543e+02,3.518256494554422886e+01,8.659500000000000530e-02,9.751550000000001051e-01,0.000000000000000000e+00
1.637439783999794543e+02,3.870082144009865033e+01,0.000000000000000000e+00,1.000000000000000000e+00,0.000000000000000000e+00
1.637439783999794543e+02,4.221907793465307179e+01,-4.684349999999999903e-01,4.303449999999999775e-01,0.000000000000000000e+00
1.637439783999794543e+02,4.573733442920749326e+01,0.000000000000000000e+00,1.000000000000000000e+00,0.000000000000000000e+00
1.637439783999794543e+02,4.925559092376192183e+01,0.000000000000000000e+00,1.000000000000000000e+00,0.000000000000000000e+00
1.637439783999794543e+02,5.277384741831634329e+01,0.000000000000000000e+00,1.000000000000000000e+00,0.000000000000000000e+00
1.637439783999794543e+02,5.629210391287076476e+01,2.193599999999999994e-01,9.463800000000001100e-01,0.000000000000000000e+00
1.637439783999794543e+02,5.981036040742518622e+01,6.625600000000000378e-01,7.479500000000000037e-01,0.000000000000000000e+00
1.637439783999794543e+02,6.332861690197960769e+01,0.000000000000000000e+00,1.000000000000000000e+00,0.000000000000000000e+00
1.637439783999794543e+02,6.684687339653403626e+01,0.000000000000000000e+00,1.000000000000000000e+00,0.000000000000000000e+00
1.637439783999794543e+02,7.212425813836566135e+01,8.762799999999997674e-03,9.888400000000000523e-01,0.000000000000000000e+00
1.637439783999794543e+02,7.564251463292009703e+01,0.000000000000000000e+00,1.000000000000000000e+00,0.000000000000000000e+00
1.637439783999794543e+02,7.916077112747451849e+01,-2.457399999999999862e-01,8.863799999999998347e-01,1.000000000000000000e+00
1.637439783999794543e+02,8.267902762202893996e+01,0.000000000000000000e+00,1.000000000000000000e+00,1.000000000000000000e+00
1.637439783999794543e+02,8.619728411658336142e+01,0.000000000000000000e+00,1.000000000000000000e+00,0.000000000000000000e+00
1.637439783999794543e+02,8.971554061113778289e+01,0.000000000000000000e+00,1.000000000000000000e+00,0.000000000000000000e+00
1.637439783999794543e+02,9.323379710569220435e+01,0.000000000000000000e+00,1.000000000000000000e+00,0.000000000000000000e+00
1.637439783999794543e+02,9.675205360024662582e+01,0.000000000000000000e+00,1.000000000000000000e+00,0.000000000000000000e+00
1.637439783999794543e+02,1.002703100948010473e+02,0.000000000000000000e+00,1.000000000000000000e+00,0.000000000000000000e+00
1.637439783999794543e+02,1.037885665893554688e+02,0.000000000000000000e+00,1.000000000000000000e+00,0.000000000000000000e+00
1.655633559377569952e+02,3.518256494554422797e+00,0.000000000000000000e+00,1.000000000000000000e+00,0.000000000000000000e+00
1.655633559377569952e+02,7.036512989108845595e+00,0.000000000000000000e+00,1.000000000000000000e+00,0.000000000000000000e+00
1.655633559377569952e+02,1.055476948366326795e+01,0.000000000000000000e+00,1.000000000000000000e+00,0.000000000000000000e+00
1.655633559377569952e+02,1.407302597821769119e+01,-4.423250000000000237e-01,5.060544999999999627e-01,0.000000000000000000e+00
1.655633559377569952e+02,1.759128247277211443e+01,8.198600000000000332e-01,-3.633700000000000818e-01,0.000000000000000000e+00
1.655633559377569952e+02,2.110953896732653590e+01,-4.143149999999999888e-01,7.157900000000000373e-01,0.000000000000000000e+00
1.655633559377569952e+02,2.462779546188096091e+01,-5.879199999999999982e-01,5.622000000000000330e-01,0.000000000000000000e+00
1.655633559377569952e+02,2.814605195643538238e+01,-3.966749999999999998e-01,5.120649999999999924e-01,0.000000000000000000e+00
1.655633559377569952e+02,3.166430845098980384e+01,0.000000000000000000e+00,1.000000000000000000e+00,0.000000000000000000e+00
1.655633559377569952e+02,3.518256494554422886e+01,0.000000000000000000e+00,1.000000000000000000e+00,0.000000000000000000e+00
1.655633559377569952e+02,3.870082144009865033e+01,0.000000000000000000e+00,1.000000000000000000e+00,0.000000000000000000e+00
1.655633559377569952e+02,4.221907793465307179e+01,-4.437650000000000206e-01,6.519200000000000550e-01,0.000000000000000000e+00
1.655633559377569952e+02,4.573733442920749326e+01,-8.850400000000000489e-01,2.590299999999999825e-01,0.000000000000000000e+00
1.655633559377569952e+02,4.925559092376192183e+01,-5.925000000000001793e-02,1.086995000000000045e-01,0.000000000000000000e+00
1.655633559377569952e+02,5.277384741831634329e+01,0.000000000000000000e+00,1.000000000000000000e+00,0.000000000000000000e+00
1.655633559377569952e+02,5.629210391287076476e+01,-3.741200000000000081e-01,7.594950000000000312e-01,0.000000000000000000e+00
1.655633559377569952e+02,5.981036040742518622e+01,-4.689900000000000180e-01,7.341699999999999893e-01,0.000000000000000000e+00
1.655633559377569952e+02,6.332861690197960769e+01,-2.005500000000000060e-01,8.541549999999999976e-01,0.000000000000000000e+00
1.655633559377569952e+02,6.684687339653403626e+01,0.000000000000000000e+00,1.000000000000000000e+00,0.000000000000000000e+00
1.655633559377569952e+02,7.036512989108845773e+01,-3.701599999999999890e-01,-1.958249999999999991e-01,0.000000000000000000e+00
1.655633559377569952e+02,7.388338638564287919e+01,-9.603000000000000425e-01,1.740099999999999980e-01,0.000000000000000000e+00
1.655633559377569952e+02,7.740164288019730066e+01,9.405400000000000427e-01,-2.232820000000000082e-01,0.000000000000000000e+00
1.655633559377569952e+02,8.091989937475172212e+01,-9.933100000000000263e-01,4.633599999999999525e-02,0.000000000000000000e+00
1.655633559377569952e+02,8.443815586930614359e+01,0.000000000000000000e+00,1.000000000000000000e+00,0.000000000000000000e+00
1.655633559377569952e+02,8.795641236386056505e+01,0.000000000000000000e+00,1.000000000000000000e+00,0.000000000000000000e+00
1.655633559377569952e+02,9.147466885841498652e+01,2.229250000000000120e-01,1.653750000000000497e-01,0.000000000000000000e+00
1.655633559377569952e+02,9.499292535296942219e+01,0.000000000000000000e+00,1.000000000000000000e+00,0.000000000000000000e+00
1.655633559377569952e+02,9.851118184752384366e+01,0.000000000000000000e+00,1.000000000000000000e+00,0.000000000000000000e+00
1.655633559377569952e+02,1.020294383420782651e+02,9.345999999999999863e-01,2.506699999999999484e-01,0.000000000000000000e+00
1.673827334755345362e+02,1.759128247277211399e+00,-4.608749999999999791e-01,3.883900000000000130e-01,0.000000000000000000e+00
1.673827334755345362e+02,5.277384741831633974e+00,0.000000000000000000e+00,1.000000000000000000e+00,0.000000000000000000e+00
1.673827334755345362e+02,8.795641236386057216e+00,4.725199999999999956e-01,6.004099999999999993e-01,0.000000000000000000e+00
1.673827334755345362e+02,1.231389773094048046e+01,0.000000000000000000e+00,1.000000000000000000e+00,0.000000000000000000e+00
1.673827334755345362e+02,1.583215422549490192e+01,4.738800000000000234e-01,5.568100000000000271e-01,0.000000000000000000e+00
1.673827334755345362e+02,1.935041072004932516e+01,8.623100000000000209e-01,3.392200000000000770e-01,0.000000000000000000e+00
1.673827334755345362e+02,2.286866721460374663e+01,-8.068550000000002109e-01,-4.099200000000000066e-01,0.000000000000000000e+00
1.673827334755345362e+02,2.638692370915817165e+01,-9.464099999999999735e-01,-9.354799999999996452e-02,0.000000000000000000e+00
1.673827334755345362e+02,2.990518020371259311e+01,0.000000000000000000e+00,1.000000000000000000e+00,0.000000000000000000e+00
1.673827334755345362e+02,3.342343669826701813e+01,0.000000000000000000e+00,1.000000000000000000e+00,0.000000000000000000e+00
1.673827334755345362e+02,3.694169319282143960e+01,0.000000000000000000e+00,1.000000000000000000e+00,0.000000000000000000e+00
1.673827334755345362e+02,4.045994968737586106e+01,0.000000000000000000e+00,1.000000000000000000e+00,0.000000000000000000e+00
1.673827334755345362e+02,4.397820618193028253e+01,0.000000000000000000e+00,1.000000000000000000e+00,0.000000000000000000e+00
1.673827334755345362e+02,4.749646267648471110e+01,-9.592000000000000526e-01,-1.755299999999999638e-01,0.000000000000000000e+00
1.673827334755345362e+02,5.101471917103913256e+01,-4.103399999999999825e-01,3.034649999999999848e-01,0.000000000000000000e+00
1.673827334755345362e+02,5.453297566559355403e+01,-6.317899999999999627e-01,-5.305400000000000116e-01,0.000000000000000000e+00
1.673827334755345362e+02,5.805123216014797549e+01,3.966700000000000226e-01,4.422800000000000065e-01,0.000000000000000000e+00
1.673827334755345362e+02,6.156948865470239696e+01,0.000000000000000000e+00,1.000000000000000000e+00,0.000000000000000000e+00
1.673827334755345362e+02,6.508774514925681842e+01,0.000000000000000000e+00,1.000000000000000000e+00,0.000000000000000000e+00
1.673827334755345362e+02,6.860600164381123989e+01,0.000000000000000000e+00,1.000000000000000000e+00,0.000000000000000000e+00
1.673827334755345362e+02,7.212425813836566135e+01,-3.651750000000000274e-01,2.854500000000000370e-01,0.000000000000000000e+00
1.673827334755345362e+02,7.564251463292009703e+01,0.000000000000000000e+00,1.000000000000000000e+00,0.000000000000000000e+00
1.673827334755345362e+02,7.916077112747451849e+01,-4.403199999999999892e-01,4.016449999999999743e-01,0.000000000000000000e+00
1.673827334755345362e+02,8.267902762202893996e+01,0.000000000000000000e+00,1.000000000000000000e+00,0.000000000000000000e+00
1.673827334755345362e+02,8.619728411658336142e+01,0.000000000000000000e+00,1.000000000000000000e+00,0.000000000000000000e+00
1.673827334755345362e+02,8.971554061113778289e+01,0.000000000000000000e+00,1.000000000000000000e+00,0.000000000000000000e+00
1.673827334755345362e+02,9.323379710569220435e+01,0.000000000000000000e+00,1.000000000000000000e+00,0.000000000000000000e+00
1.673827334755345362e+02,9.675205360024662582e+01,0.000000000000000000e+00,1.000000000000000000e+00,0.000000000000000000e+00
1.673827334755345362e+02,1.002703100948010473e+02,2.545899999999999830e-01,9.244250000000000522e-01,0.000000000000000000e+00
1.673827334755345362e+02,1.037885665893554688e+02,9.567900000000000293e-01,-2.140599999999999170e-01,0.000000000000000000e+00
1.692021110133121056e+02,3.518256494554422797e+00,0.000000000000000000e+00,1.000000000000000000e+00,0.000000000000000000e+00
1.692021110133121056e+02,7.036512989108845595e+00,0.000000000000000000e+00,1.000000000000000000e+00,0.000000000000000000e+00
1.692021110133121056e+02,1.231389773094048046e+01,0.000000000000000000e+00,1.000000000000000000e+00,0.000000000000000000e+00
1.692021110133121056e+02,1.583215422549490192e+01,0.000000000000000000e+00,1.000000000000000000e+00,0.000000000000000000e+00
1.692021110133121056e+02,1.935041072004932516e+01,0.000000000000000000e+00,1.000000000000000000e+00,0.000000000000000000e+00
1.692021110133121056e+02,2.286866721460374663e+01,0.000000000000000000e+00,1.000000000000000000e+00,0.000000000000000000e+00
1.692021110133121056e+02,2.638692370915817165e+01,0.000000000000000000e+00,1.000000000000000000e+00,1.000000000000000000e+00
1.692021110133121056e+02,2.990518020371259311e+01,0.000000000000000000e+00,1.000000000000000000e+00,1.000000000000000000e+00
1.692021110133121056e+02,3.342343669826701813e+01,-4.672899999999999832e-01,8.257299999999998530e-01,1.000000000000000000e+00
1.692021110133121056e+02,3.694169319282143960e+01,-4.859100000000000086e-01,4.392150000000000221e-01,1.000000000000000000e+00
1.692021110133121056e+02,4.045994968737586106e+01,-8.758700000000000374e-01,1.319900000000000517e-01,0.000000000000000000e+00
1.692021110133121056e+02,4.397820618193028253e+01,-4.168799999999999728e-01,3.677199999999999913e-01,0.000000000000000000e+00
1.692021110133121056e+02,4.749646267648471110e+01,0.000000000000000000e+00,1.000000000000000000e+00,0.000000000000000000e+00
1.692021110133121056e+02,5.101471917103913256e+01,0.000000000000000000e+00,1.000000000000000000e+00,0.000000000000000000e+00
1.692021110133121056e+02,5.453297566559355403e+01,0.000000000000000000e+00,1.000000000000000000e+00,0.000000000000000000e+00
1.692021110133121056e+02,5.805123216014797549e+01,4.183549999999999769e-01,5.415034999999999155e-01,0.000000000000000000e+00
1.692021110133121056e+02,6.156948865470239696e+01,0.000000000000000000e+00,1.000000000000000000e+00,0.000000000000000000e+00
1.692021110133121056e+02,6.508774514925681842e+01,-3.860700000000000243e-01,7.150849999999999707e-01,0.000000000000000000e+00
1.692021110133121056e+02,6.860600164381123989e+01,-7.285000000000000364e-01,4.763700000000000156e-01,0.000000000000000000e+00
1.692021110133121056e+02,7.212425813836566135e+01,-3.370850000000000235e-01,7.665750000000000064e-01,0.000000000000000000e+00
1.692021110133121056e+02,7.564251463292009703e+01,0.000000000000000000e+00,1.000000000000000000e+00,0.000000000000000000e+00
1.692021110133121056e+02,7.916077112747451849e+01,0.000000000000000000e+00,1.000000000000000000e+00,0.000000000000000000e+00
1.692021110133121056e+02,8.267902762202893996e+01,0.000000000000000000e+00,1.000000000000000000e+00,0.000000000000000000e+00
1.692021110133121056e+02,8.619728411658336142e+01,-4.155750000000000277e-01,7.129950000000000454e-01,0.000000000000000000e+00
1.692021110133121056e+02,8.971554061113778289e+01,8.231399999999998718e-01,-3.801899999999999724e-01,0.000000000000000000e+00
1.692021110133121056e+02,9.323379710569220435e+01,-4.292099999999999804e-01,4.818445000000000089e-01,0.000000000000000000e+00
1.692021110133121056e+02,9.675205360024662582e+01,0.000000000000000000e+00,1.000000000000000000e+00,0.000000000000000000e+00
1.692021110133121056e+02,1.002703100948010473e+02,-4.155900000000000150e-01,7.083200000000000607e-01,0.000000000000000000e+00
1.692021110133121056e+02,1.037885665893554688e+02,0.000000000000000000e+00,1.000000000000000000e+00,0.000000000000000000e+00
1.710214885510896465e+02,3.518256494554422797e+00,-4.439600000000000213e-01,6.092400000000000038e-01,0.000000000000000000e+00
1.710214885510896465e+02,7.036512989108845595e+00,0.000000000000000000e+00,1.000000000000000000e+00,0.000000000000000000e+00
1.710214885510896465e+02,1.055476948366326795e+01,-4.325300000000000256e-01,6.486549999999999816e-01,0.000000000000000000e+00
1.710214885510896465e+02,1.407302597821769119e+01,0.000000000000000000e+00,1.000000000000000000e+00,0.000000000000000000e+00
1.710214885510896465e+02,1.759128247277211443e+01,-3.932660000000000600e-01,4.863950000000000218e-01,0.000000000000000000e+00
1.710214885510896465e+02,2.110953896732653590e+01,0.000000000000000000e+00,1.000000000000000000e+00,0.000000000000000000e+00
1.710214885510896465e+02,2.462779546188096091e+01,0.000000000000000000e+00,1.000000000000000000e+00,0.000000000000000000e+00
1.710214885510896465e+02,2.814605195643538238e+01,0.000000000000000000e+00,1.000000000000000000e+00,0.000000000000000000e+00
1.710214885510896465e+02,3.166430845098980384e+01,-3.818150000000000155e-01,7.813250000000000473e-01,0.000000000000000000e+00
1.710214885510896465e+02,3.518256494554422886e+01,9.456200000000000161e-01,4.060000000000001802e-02,0.000000000000000000e+00
1.710214885510896465e+02,3.870082144009865033e+01,4.923750000000000071e-01,4.616689999999999960e-01,0.000000000000000000e+00
1.710214885510896465e+02,4.221907793465307179e+01,0.000000000000000000e+00,1.000000000000000000e+00,0.000000000000000000e+00
1.710214885510896465e+02,4.573733442920749326e+01,0.000000000000000000e+00,1.000000000000000000e+00,0.000000000000000000e+00
1.710214885510896465e+02,4.925559092376192183e+01,-2.673199999999997453e-02,9.596799999999999775e-01,0.000000000000000000e+00
1.710214885510896465e+02,5.277384741831634329e+01,-4.464949999999999752e-01,3.391500000000000625e-01,0.000000000000000000e+00
1.710214885510896465e+02,5.629210391287076476e+01,0.000000000000000000e+00,1.000000000000000000e+00,0.000000000000000000e+00
1.710214885510896465e+02,5.981036040742518622e+01,0.000000000000000000e+00,1.000000000000000000e+00,0.000000000000000000e+00
1.710214885510896465e+02,6.332861690197960769e+01,8.539400000000000324e-01,3.470500000000000806e-01,0.000000000000000000e+00
1.710214885510896465e+02,6.684687339653403626e+01,8.762849999999999806e-01,2.868800000000000239e-01,0.000000000000000000e+00
1.710214885510896465e+02,7.036512989108845773e+01,7.150900000000000034e-01,6.026099999999999790e-01,0.000000000000000000e+00
1.710214885510896465e+02,7.388338638564287919e+01,4.336949999999999972e-01,5.164355000000000473e-01,0.000000000000000000e+00
1.710214885510896465e+02,7.740164288019730066e+01,0.000000000000000000e+00,1.000000000000000000e+00,0.000000000000000000e+00
1.710214885510896465e+02,8.091989937475172212e+01,0.000000000000000000e+00,1.000000000000000000e+00,0.000000000000000000e+00
1.710214885510896465e+02,8.443815586930614359e+01,0.000000000000000000e+00,1.000000000000000000e+00,0.000000000000000000e+00
1.710214885510896465e+02,8.795641236386056505e+01,4.442650000000000210e-01,5.561549999999999550e-01,0.000000000000000000e+00
1.710214885510896465e+02,9.147466885841498652e+01,0.000000000000000000e+00,1.000000000000000000e+00,0.000000000000000000e+00
1.710214885510896465e+02,9.499292535296942219e+01,3.801749999999999852e-01,7.045200000000000351e-01,0.000000000000000000e+00
1.710214885510896465e+02,9.851118184752384366e+01,-8.371399999999999952e-01,-2.883499999999998842e-01,0.000000000000000000e+00
1.710214885510896465e+02,1.020294383420782651e+02,4.086549999999999905e-01,5.432765000000000510e-01,0.000000000000000000e+00
1.728408660888671875e+02,1.759128247277211399e+00,0.000000000000000000e+00,1.000000000000000000e+00,0.000000000000000000e+00
1.728408660888671875e+02,5.277384741831633974e+00,4.083700000000000108e-01,6.290050000000000363e-01,0.000000000000000000e+00
1.728408660888671875e+02,8.795641236386057216e+00,-7.787199999999998568e-01,-3.963399999999999146e-01,0.000000000000000000e+00
1.728408660888671875e+02,1.231389773094048046e+01,-4.155750000000000277e-01,3.342200000000000171e-01,0.000000000000000000e+00
1.728408660888671875e+02,1.583215422549490192e+01,0.000000000000000000e+00,1.000000000000000000e+00,0.000000000000000000e+00
1.728408660888671875e+02,1.935041072004932516e+01,0.000000000000000000e+00,1.000000000000000000e+00,0.000000000000000000e+00
1.728408660888671875e+02,2.286866721460374663e+01,0.000000000000000000e+00,1.000000000000000000e+00,0.000000000000000000e+00
1.728408660888671875e+02,2.638692370915817165e+01,-4.792350000000000221e-01,5.896000000000000130e-01,0.000000000000000000e+00
1.728408660888671875e+02,2.990518020371259311e+01,9.250199999999999534e-01,3.295699999999999741e-01,0.000000000000000000e+00
1.728408660888671875e+02,3.342343669826701813e+01,0.000000000000000000e+00,1.000000000000000000e+00,0.000000000000000000e+00
1.728408660888671875e+02,3.694169319282143960e+01,0.000000000000000000e+00,1.000000000000000000e+00,0.000000000000000000e+00
1.728408660888671875e+02,4.045994968737586106e+01,2.729499999999999982e-02,9.802050000000002150e-01,0.000000000000000000e+00
1.728408660888671875e+02,4.397820618193028253e+01,0.000000000000000000e+00,1.000000000000000000e+00,0.000000000000000000e+00
1.728408660888671875e+02,4.749646267648471110e+01,0.000000000000000000e+00,1.000000000000000000e+00,0.000000000000000000e+00
1.728408660888671875e+02,5.101471917103913256e+01,0.000000000000000000e+00,1.000000000000000000e+00,0.000000000000000000e+00
1.728408660888671875e+02,5.629210391287076476e+01,0.000000000000000000e+00,1.000000000000000000e+00,0.000000000000000000e+00
1.728408660888671875e+02,5.981036040742518622e+01,0.000000000000000000e+00,1.000000000000000000e+00,0.000000000000000000e+00
1.728408660888671875e+02,6.332861690197960769e+01,0.000000000000000000e+00,1.000000000000000000e+00,0.000000000000000000e+00
1.728408660888671875e+02,6.684687339653403626e+01,0.000000000000000000e+00,1.000000000000000000e+00,0.000000000000000000e+00
1.728408660888671875e+02,7.036512989108845773e+01,0.000000000000000000e+00,1.000000000000000000e+00,0.000000000000000000e+00
1.728408660888671875e+02,7.388338638564287919e+01,0.000000000000000000e+00,1.000000000000000000e+00,0.000000000000000000e+00
1.728408660888671875e+02,7.740164288019730066e+01,-1.516200000000000048e-01,9.822900000000001075e-01,0.000000000000000000e+00
1.728408660888671875e+02,8.091989937475172212e+01,-3.217149999999999732e-01,8.213049999999998407e-01,0.000000000000000000e+00
1.728408660888671875e+02,8.443815586930614359e+01,0.000000000000000000e+00,1.000000000000000000e+00,0.000000000000000000e+00
1.728408660888671875e+02,8.795641236386056505e+01,4.030400000000000094e-01,4.442900000000000182e-01,0.000000000000000000e+00
1.728408660888671875e+02,9.147466885841498652e+01,0.000000000000000000e+00,1.000000000000000000e+00,0.000000000000000000e+00
1.728408660888671875e+02,9.499292535296942219e+01,0.000000000000000000e+00,1.000000000000000000e+00,0.000000000000000000e+00
1.728408660888671875e+02,9.851118184752384366e+01,0.000000000000000000e+00,1.000000000000000000e+00,0.000000000000000000e+00
1.728408660888671875e+02,1.020294383420782651e+02,4.040750000000000175e-01,3.123650000000000038e-01,0.000000000000000000e+00
